@!@!@STARTMSG 2262:0 @!@!@
TLC2 Version 2.19 of 08 August 2024 (rev: 5a47802)
@!@!@ENDMSG 2262 @!@!@
@!@!@STARTMSG 2187:0 @!@!@
Running breadth-first search Model-Checking with fp 88 and seed 3187532820624694935 with 8 workers on 16 cores with 1159MB heap and 2603MB offheap memory [pid: 19291] (Linux 6.11.0-26-generic amd64, AdoptOpenJDK 14.0.1 x86_64, OffHeapDiskFPSet, DiskStateQueue).
@!@!@ENDMSG 2187 @!@!@
@!@!@STARTMSG 2220:0 @!@!@
Starting SANY...
@!@!@ENDMSG 2220 @!@!@
Parsing file /home/crafters/Documents/SecondSemister/HPCAlgorithmDesign/ProjectDir/raft.tla/raftModelPerf_1.toolbox/Model_1/MC.tla
Parsing file /home/crafters/Documents/SecondSemister/HPCAlgorithmDesign/ProjectDir/raft.tla/raftModelPerf_1.toolbox/Model_1/raftModelPerf.tla
Parsing file /home/crafters/Documents/SecondSemister/HPCAlgorithmDesign/toolbox/plugins/org.lamport.tlatools_1.0.0.202408081326/tla2sany/StandardModules/TLC.tla
Parsing file /home/crafters/Documents/SecondSemister/HPCAlgorithmDesign/ProjectDir/raft.tla/raftModelPerf_1.toolbox/Model_1/raftSpec.tla
Parsing file /home/crafters/Documents/SecondSemister/HPCAlgorithmDesign/ProjectDir/raft.tla/raftModelPerf_1.toolbox/Model_1/raftActionsSolution.tla
Parsing file /home/crafters/Documents/SecondSemister/HPCAlgorithmDesign/ProjectDir/raft.tla/raftModelPerf_1.toolbox/Model_1/raftInit.tla
Parsing file /home/crafters/Documents/SecondSemister/HPCAlgorithmDesign/ProjectDir/raft.tla/raftModelPerf_1.toolbox/Model_1/raftHelpers.tla
Parsing file /home/crafters/Documents/SecondSemister/HPCAlgorithmDesign/ProjectDir/raft.tla/raftModelPerf_1.toolbox/Model_1/raftVariables.tla
Parsing file /home/crafters/Documents/SecondSemister/HPCAlgorithmDesign/ProjectDir/raft.tla/raftModelPerf_1.toolbox/Model_1/raftConstants.tla
Parsing file /home/crafters/Documents/SecondSemister/HPCAlgorithmDesign/toolbox/plugins/org.lamport.tlatools_1.0.0.202408081326/tla2sany/StandardModules/Naturals.tla
Parsing file /home/crafters/Documents/SecondSemister/HPCAlgorithmDesign/toolbox/plugins/org.lamport.tlatools_1.0.0.202408081326/tla2sany/StandardModules/FiniteSets.tla
Parsing file /home/crafters/Documents/SecondSemister/HPCAlgorithmDesign/toolbox/plugins/org.lamport.tlatools_1.0.0.202408081326/tla2sany/StandardModules/Sequences.tla
Semantic processing of module Naturals
Semantic processing of module Sequences
Semantic processing of module FiniteSets
Semantic processing of module TLC
Semantic processing of module raftConstants
Semantic processing of module raftVariables
Semantic processing of module raftHelpers
Semantic processing of module raftInit
Semantic processing of module raftActionsSolution
Semantic processing of module raftSpec
Semantic processing of module raftModelPerf
Semantic processing of module MC
@!@!@STARTMSG 2219:0 @!@!@
SANY finished.
@!@!@ENDMSG 2219 @!@!@
@!@!@STARTMSG 2185:0 @!@!@
Starting... (2025-05-26 07:39:54)
@!@!@ENDMSG 2185 @!@!@
@!@!@STARTMSG 2189:0 @!@!@
Computing initial states...
@!@!@ENDMSG 2189 @!@!@
@!@!@STARTMSG 2190:0 @!@!@
Finished computing initial states: 1 distinct state generated at 2025-05-26 07:39:54.
@!@!@ENDMSG 2190 @!@!@
@!@!@STARTMSG 2110:1 @!@!@
Invariant LeaderCommitted is violated.
@!@!@ENDMSG 2110 @!@!@
@!@!@STARTMSG 2121:1 @!@!@
The behavior up to this point is:
@!@!@ENDMSG 2121 @!@!@
@!@!@STARTMSG 2217:4 @!@!@
1: <Initial predicate>
/\ unorderedRequest = (r1 :> {} @@ r2 :> {} @@ r3 :> {} @@ r4 :> {})
/\ messages = << >>
/\ matchIndex = ( r1 :> (r1 :> 0 @@ r2 :> 0 @@ r3 :> 0 @@ r4 :> 0) @@
  r2 :> (r1 :> 0 @@ r2 :> 0 @@ r3 :> 0 @@ r4 :> 0) @@
  r3 :> (r1 :> 0 @@ r2 :> 0 @@ r3 :> 0 @@ r4 :> 0) @@
  r4 :> (r1 :> 0 @@ r2 :> 0 @@ r3 :> 0 @@ r4 :> 0) )
/\ log = (r1 :> <<>> @@ r2 :> <<>> @@ r3 :> <<>> @@ r4 :> <<>>)
/\ switchSentRecord = (r1 :> {} @@ r2 :> {} @@ r3 :> {} @@ r4 :> {})
/\ state = (r1 :> Switch @@ r2 :> Leader @@ r3 :> Follower @@ r4 :> Follower)
/\ Servers = {r2, r3, r4}
/\ leaderCount = (r1 :> 0 @@ r2 :> 1 @@ r3 :> 0 @@ r4 :> 0)
/\ entryCommitStats = << >>
/\ commitIndex = (r1 :> 0 @@ r2 :> 0 @@ r3 :> 0 @@ r4 :> 0)
/\ currentTerm = (r1 :> 2 @@ r2 :> 2 @@ r3 :> 2 @@ r4 :> 2)
/\ votesResponded = (r1 :> {} @@ r2 :> {r3, r4} @@ r3 :> {} @@ r4 :> {})
/\ switchIndex = r1
/\ maxc = 0
/\ nextIndex = ( r1 :> (r1 :> 1 @@ r2 :> 1 @@ r3 :> 1 @@ r4 :> 1) @@
  r2 :> (r1 :> 1 @@ r2 :> 1 @@ r3 :> 1 @@ r4 :> 1) @@
  r3 :> (r1 :> 1 @@ r2 :> 1 @@ r3 :> 1 @@ r4 :> 1) @@
  r4 :> (r1 :> 1 @@ r2 :> 1 @@ r3 :> 1 @@ r4 :> 1) )
/\ votesGranted = (r1 :> {} @@ r2 :> {r3, r4} @@ r3 :> {} @@ r4 :> {})
/\ switchBuffer = << >>
/\ voterLog = (r1 :> <<>> @@ r2 :> (r3 :> <<>> @@ r4 :> <<>>) @@ r3 :> <<>> @@ r4 :> <<>>)
/\ votedFor = (r1 :> r2 @@ r2 :> Nil @@ r3 :> r2 @@ r4 :> r2)

@!@!@ENDMSG 2217 @!@!@
@!@!@STARTMSG 2217:4 @!@!@
2: <MyNext line 48, col 15 to line 48, col 91 of module raftSpec>
/\ unorderedRequest = (r1 :> {} @@ r2 :> {} @@ r3 :> {} @@ r4 :> {})
/\ messages = << >>
/\ matchIndex = ( r1 :> (r1 :> 0 @@ r2 :> 0 @@ r3 :> 0 @@ r4 :> 0) @@
  r2 :> (r1 :> 0 @@ r2 :> 0 @@ r3 :> 0 @@ r4 :> 0) @@
  r3 :> (r1 :> 0 @@ r2 :> 0 @@ r3 :> 0 @@ r4 :> 0) @@
  r4 :> (r1 :> 0 @@ r2 :> 0 @@ r3 :> 0 @@ r4 :> 0) )
/\ log = (r1 :> <<>> @@ r2 :> <<>> @@ r3 :> <<>> @@ r4 :> <<>>)
/\ switchSentRecord = (r1 :> {} @@ r2 :> {} @@ r3 :> {} @@ r4 :> {})
/\ state = (r1 :> Switch @@ r2 :> Leader @@ r3 :> Follower @@ r4 :> Follower)
/\ Servers = {r2, r3, r4}
/\ leaderCount = (r1 :> 0 @@ r2 :> 1 @@ r3 :> 0 @@ r4 :> 0)
/\ entryCommitStats = << >>
/\ commitIndex = (r1 :> 0 @@ r2 :> 0 @@ r3 :> 0 @@ r4 :> 0)
/\ currentTerm = (r1 :> 2 @@ r2 :> 2 @@ r3 :> 2 @@ r4 :> 2)
/\ votesResponded = (r1 :> {} @@ r2 :> {r3, r4} @@ r3 :> {} @@ r4 :> {})
/\ switchIndex = r1
/\ maxc = 1
/\ nextIndex = ( r1 :> (r1 :> 1 @@ r2 :> 1 @@ r3 :> 1 @@ r4 :> 1) @@
  r2 :> (r1 :> 1 @@ r2 :> 1 @@ r3 :> 1 @@ r4 :> 1) @@
  r3 :> (r1 :> 1 @@ r2 :> 1 @@ r3 :> 1 @@ r4 :> 1) @@
  r4 :> (r1 :> 1 @@ r2 :> 1 @@ r3 :> 1 @@ r4 :> 1) )
/\ votesGranted = (r1 :> {} @@ r2 :> {r3, r4} @@ r3 :> {} @@ r4 :> {})
/\ switchBuffer = (v2 :> [term |-> 2, value |-> v2, payload |-> v2])
/\ voterLog = (r1 :> <<>> @@ r2 :> (r3 :> <<>> @@ r4 :> <<>>) @@ r3 :> <<>> @@ r4 :> <<>>)
/\ votedFor = (r1 :> r2 @@ r2 :> Nil @@ r3 :> r2 @@ r4 :> r2)

@!@!@ENDMSG 2217 @!@!@
@!@!@STARTMSG 2217:4 @!@!@
3: <MyNext line 50, col 15 to line 50, col 93 of module raftSpec>
/\ unorderedRequest = (r1 :> {} @@ r2 :> {v2} @@ r3 :> {} @@ r4 :> {})
/\ messages = << >>
/\ matchIndex = ( r1 :> (r1 :> 0 @@ r2 :> 0 @@ r3 :> 0 @@ r4 :> 0) @@
  r2 :> (r1 :> 0 @@ r2 :> 0 @@ r3 :> 0 @@ r4 :> 0) @@
  r3 :> (r1 :> 0 @@ r2 :> 0 @@ r3 :> 0 @@ r4 :> 0) @@
  r4 :> (r1 :> 0 @@ r2 :> 0 @@ r3 :> 0 @@ r4 :> 0) )
/\ log = (r1 :> <<>> @@ r2 :> <<>> @@ r3 :> <<>> @@ r4 :> <<>>)
/\ switchSentRecord = (r1 :> {} @@ r2 :> {<<v2, 2>>} @@ r3 :> {} @@ r4 :> {})
/\ state = (r1 :> Switch @@ r2 :> Leader @@ r3 :> Follower @@ r4 :> Follower)
/\ Servers = {r2, r3, r4}
/\ leaderCount = (r1 :> 0 @@ r2 :> 1 @@ r3 :> 0 @@ r4 :> 0)
/\ entryCommitStats = << >>
/\ commitIndex = (r1 :> 0 @@ r2 :> 0 @@ r3 :> 0 @@ r4 :> 0)
/\ currentTerm = (r1 :> 2 @@ r2 :> 2 @@ r3 :> 2 @@ r4 :> 2)
/\ votesResponded = (r1 :> {} @@ r2 :> {r3, r4} @@ r3 :> {} @@ r4 :> {})
/\ switchIndex = r1
/\ maxc = 1
/\ nextIndex = ( r1 :> (r1 :> 1 @@ r2 :> 1 @@ r3 :> 1 @@ r4 :> 1) @@
  r2 :> (r1 :> 1 @@ r2 :> 1 @@ r3 :> 1 @@ r4 :> 1) @@
  r3 :> (r1 :> 1 @@ r2 :> 1 @@ r3 :> 1 @@ r4 :> 1) @@
  r4 :> (r1 :> 1 @@ r2 :> 1 @@ r3 :> 1 @@ r4 :> 1) )
/\ votesGranted = (r1 :> {} @@ r2 :> {r3, r4} @@ r3 :> {} @@ r4 :> {})
/\ switchBuffer = (v2 :> [term |-> 2, value |-> v2, payload |-> v2])
/\ voterLog = (r1 :> <<>> @@ r2 :> (r3 :> <<>> @@ r4 :> <<>>) @@ r3 :> <<>> @@ r4 :> <<>>)
/\ votedFor = (r1 :> r2 @@ r2 :> Nil @@ r3 :> r2 @@ r4 :> r2)

@!@!@ENDMSG 2217 @!@!@
@!@!@STARTMSG 2217:4 @!@!@
4: <MyNext line 48, col 15 to line 48, col 91 of module raftSpec>
/\ unorderedRequest = (r1 :> {} @@ r2 :> {v2} @@ r3 :> {} @@ r4 :> {})
/\ messages = << >>
/\ matchIndex = ( r1 :> (r1 :> 0 @@ r2 :> 0 @@ r3 :> 0 @@ r4 :> 0) @@
  r2 :> (r1 :> 0 @@ r2 :> 0 @@ r3 :> 0 @@ r4 :> 0) @@
  r3 :> (r1 :> 0 @@ r2 :> 0 @@ r3 :> 0 @@ r4 :> 0) @@
  r4 :> (r1 :> 0 @@ r2 :> 0 @@ r3 :> 0 @@ r4 :> 0) )
/\ log = (r1 :> <<>> @@ r2 :> <<>> @@ r3 :> <<>> @@ r4 :> <<>>)
/\ switchSentRecord = (r1 :> {} @@ r2 :> {<<v2, 2>>} @@ r3 :> {} @@ r4 :> {})
/\ state = (r1 :> Switch @@ r2 :> Leader @@ r3 :> Follower @@ r4 :> Follower)
/\ Servers = {r2, r3, r4}
/\ leaderCount = (r1 :> 0 @@ r2 :> 1 @@ r3 :> 0 @@ r4 :> 0)
/\ entryCommitStats = << >>
/\ commitIndex = (r1 :> 0 @@ r2 :> 0 @@ r3 :> 0 @@ r4 :> 0)
/\ currentTerm = (r1 :> 2 @@ r2 :> 2 @@ r3 :> 2 @@ r4 :> 2)
/\ votesResponded = (r1 :> {} @@ r2 :> {r3, r4} @@ r3 :> {} @@ r4 :> {})
/\ switchIndex = r1
/\ maxc = 2
/\ nextIndex = ( r1 :> (r1 :> 1 @@ r2 :> 1 @@ r3 :> 1 @@ r4 :> 1) @@
  r2 :> (r1 :> 1 @@ r2 :> 1 @@ r3 :> 1 @@ r4 :> 1) @@
  r3 :> (r1 :> 1 @@ r2 :> 1 @@ r3 :> 1 @@ r4 :> 1) @@
  r4 :> (r1 :> 1 @@ r2 :> 1 @@ r3 :> 1 @@ r4 :> 1) )
/\ votesGranted = (r1 :> {} @@ r2 :> {r3, r4} @@ r3 :> {} @@ r4 :> {})
/\ switchBuffer = ( v1 :> [term |-> 2, value |-> v1, payload |-> v1] @@
  v2 :> [term |-> 2, value |-> v2, payload |-> v2] )
/\ voterLog = (r1 :> <<>> @@ r2 :> (r3 :> <<>> @@ r4 :> <<>>) @@ r3 :> <<>> @@ r4 :> <<>>)
/\ votedFor = (r1 :> r2 @@ r2 :> Nil @@ r3 :> r2 @@ r4 :> r2)

@!@!@ENDMSG 2217 @!@!@
@!@!@STARTMSG 2217:4 @!@!@
5: <MyNext line 50, col 15 to line 50, col 93 of module raftSpec>
/\ unorderedRequest = (r1 :> {} @@ r2 :> {v2} @@ r3 :> {v1} @@ r4 :> {})
/\ messages = << >>
/\ matchIndex = ( r1 :> (r1 :> 0 @@ r2 :> 0 @@ r3 :> 0 @@ r4 :> 0) @@
  r2 :> (r1 :> 0 @@ r2 :> 0 @@ r3 :> 0 @@ r4 :> 0) @@
  r3 :> (r1 :> 0 @@ r2 :> 0 @@ r3 :> 0 @@ r4 :> 0) @@
  r4 :> (r1 :> 0 @@ r2 :> 0 @@ r3 :> 0 @@ r4 :> 0) )
/\ log = (r1 :> <<>> @@ r2 :> <<>> @@ r3 :> <<>> @@ r4 :> <<>>)
/\ switchSentRecord = (r1 :> {} @@ r2 :> {<<v2, 2>>} @@ r3 :> {<<v1, 2>>} @@ r4 :> {})
/\ state = (r1 :> Switch @@ r2 :> Leader @@ r3 :> Follower @@ r4 :> Follower)
/\ Servers = {r2, r3, r4}
/\ leaderCount = (r1 :> 0 @@ r2 :> 1 @@ r3 :> 0 @@ r4 :> 0)
/\ entryCommitStats = << >>
/\ commitIndex = (r1 :> 0 @@ r2 :> 0 @@ r3 :> 0 @@ r4 :> 0)
/\ currentTerm = (r1 :> 2 @@ r2 :> 2 @@ r3 :> 2 @@ r4 :> 2)
/\ votesResponded = (r1 :> {} @@ r2 :> {r3, r4} @@ r3 :> {} @@ r4 :> {})
/\ switchIndex = r1
/\ maxc = 2
/\ nextIndex = ( r1 :> (r1 :> 1 @@ r2 :> 1 @@ r3 :> 1 @@ r4 :> 1) @@
  r2 :> (r1 :> 1 @@ r2 :> 1 @@ r3 :> 1 @@ r4 :> 1) @@
  r3 :> (r1 :> 1 @@ r2 :> 1 @@ r3 :> 1 @@ r4 :> 1) @@
  r4 :> (r1 :> 1 @@ r2 :> 1 @@ r3 :> 1 @@ r4 :> 1) )
/\ votesGranted = (r1 :> {} @@ r2 :> {r3, r4} @@ r3 :> {} @@ r4 :> {})
/\ switchBuffer = ( v1 :> [term |-> 2, value |-> v1, payload |-> v1] @@
  v2 :> [term |-> 2, value |-> v2, payload |-> v2] )
/\ voterLog = (r1 :> <<>> @@ r2 :> (r3 :> <<>> @@ r4 :> <<>>) @@ r3 :> <<>> @@ r4 :> <<>>)
/\ votedFor = (r1 :> r2 @@ r2 :> Nil @@ r3 :> r2 @@ r4 :> r2)

@!@!@ENDMSG 2217 @!@!@
@!@!@STARTMSG 2217:4 @!@!@
6: <MyNext line 50, col 15 to line 50, col 93 of module raftSpec>
/\ unorderedRequest = (r1 :> {} @@ r2 :> {v1, v2} @@ r3 :> {v1} @@ r4 :> {})
/\ messages = << >>
/\ matchIndex = ( r1 :> (r1 :> 0 @@ r2 :> 0 @@ r3 :> 0 @@ r4 :> 0) @@
  r2 :> (r1 :> 0 @@ r2 :> 0 @@ r3 :> 0 @@ r4 :> 0) @@
  r3 :> (r1 :> 0 @@ r2 :> 0 @@ r3 :> 0 @@ r4 :> 0) @@
  r4 :> (r1 :> 0 @@ r2 :> 0 @@ r3 :> 0 @@ r4 :> 0) )
/\ log = (r1 :> <<>> @@ r2 :> <<>> @@ r3 :> <<>> @@ r4 :> <<>>)
/\ switchSentRecord = (r1 :> {} @@ r2 :> {<<v1, 2>>, <<v2, 2>>} @@ r3 :> {<<v1, 2>>} @@ r4 :> {})
/\ state = (r1 :> Switch @@ r2 :> Leader @@ r3 :> Follower @@ r4 :> Follower)
/\ Servers = {r2, r3, r4}
/\ leaderCount = (r1 :> 0 @@ r2 :> 1 @@ r3 :> 0 @@ r4 :> 0)
/\ entryCommitStats = << >>
/\ commitIndex = (r1 :> 0 @@ r2 :> 0 @@ r3 :> 0 @@ r4 :> 0)
/\ currentTerm = (r1 :> 2 @@ r2 :> 2 @@ r3 :> 2 @@ r4 :> 2)
/\ votesResponded = (r1 :> {} @@ r2 :> {r3, r4} @@ r3 :> {} @@ r4 :> {})
/\ switchIndex = r1
/\ maxc = 2
/\ nextIndex = ( r1 :> (r1 :> 1 @@ r2 :> 1 @@ r3 :> 1 @@ r4 :> 1) @@
  r2 :> (r1 :> 1 @@ r2 :> 1 @@ r3 :> 1 @@ r4 :> 1) @@
  r3 :> (r1 :> 1 @@ r2 :> 1 @@ r3 :> 1 @@ r4 :> 1) @@
  r4 :> (r1 :> 1 @@ r2 :> 1 @@ r3 :> 1 @@ r4 :> 1) )
/\ votesGranted = (r1 :> {} @@ r2 :> {r3, r4} @@ r3 :> {} @@ r4 :> {})
/\ switchBuffer = ( v1 :> [term |-> 2, value |-> v1, payload |-> v1] @@
  v2 :> [term |-> 2, value |-> v2, payload |-> v2] )
/\ voterLog = (r1 :> <<>> @@ r2 :> (r3 :> <<>> @@ r4 :> <<>>) @@ r3 :> <<>> @@ r4 :> <<>>)
/\ votedFor = (r1 :> r2 @@ r2 :> Nil @@ r3 :> r2 @@ r4 :> r2)

@!@!@ENDMSG 2217 @!@!@
@!@!@STARTMSG 2217:4 @!@!@
7: <MyNext line 50, col 15 to line 50, col 93 of module raftSpec>
/\ unorderedRequest = (r1 :> {} @@ r2 :> {v1, v2} @@ r3 :> {v1} @@ r4 :> {v1})
/\ messages = << >>
/\ matchIndex = ( r1 :> (r1 :> 0 @@ r2 :> 0 @@ r3 :> 0 @@ r4 :> 0) @@
  r2 :> (r1 :> 0 @@ r2 :> 0 @@ r3 :> 0 @@ r4 :> 0) @@
  r3 :> (r1 :> 0 @@ r2 :> 0 @@ r3 :> 0 @@ r4 :> 0) @@
  r4 :> (r1 :> 0 @@ r2 :> 0 @@ r3 :> 0 @@ r4 :> 0) )
/\ log = (r1 :> <<>> @@ r2 :> <<>> @@ r3 :> <<>> @@ r4 :> <<>>)
/\ switchSentRecord = ( r1 :> {} @@
  r2 :> {<<v1, 2>>, <<v2, 2>>} @@
  r3 :> {<<v1, 2>>} @@
  r4 :> {<<v1, 2>>} )
/\ state = (r1 :> Switch @@ r2 :> Leader @@ r3 :> Follower @@ r4 :> Follower)
/\ Servers = {r2, r3, r4}
/\ leaderCount = (r1 :> 0 @@ r2 :> 1 @@ r3 :> 0 @@ r4 :> 0)
/\ entryCommitStats = << >>
/\ commitIndex = (r1 :> 0 @@ r2 :> 0 @@ r3 :> 0 @@ r4 :> 0)
/\ currentTerm = (r1 :> 2 @@ r2 :> 2 @@ r3 :> 2 @@ r4 :> 2)
/\ votesResponded = (r1 :> {} @@ r2 :> {r3, r4} @@ r3 :> {} @@ r4 :> {})
/\ switchIndex = r1
/\ maxc = 2
/\ nextIndex = ( r1 :> (r1 :> 1 @@ r2 :> 1 @@ r3 :> 1 @@ r4 :> 1) @@
  r2 :> (r1 :> 1 @@ r2 :> 1 @@ r3 :> 1 @@ r4 :> 1) @@
  r3 :> (r1 :> 1 @@ r2 :> 1 @@ r3 :> 1 @@ r4 :> 1) @@
  r4 :> (r1 :> 1 @@ r2 :> 1 @@ r3 :> 1 @@ r4 :> 1) )
/\ votesGranted = (r1 :> {} @@ r2 :> {r3, r4} @@ r3 :> {} @@ r4 :> {})
/\ switchBuffer = ( v1 :> [term |-> 2, value |-> v1, payload |-> v1] @@
  v2 :> [term |-> 2, value |-> v2, payload |-> v2] )
/\ voterLog = (r1 :> <<>> @@ r2 :> (r3 :> <<>> @@ r4 :> <<>>) @@ r3 :> <<>> @@ r4 :> <<>>)
/\ votedFor = (r1 :> r2 @@ r2 :> Nil @@ r3 :> r2 @@ r4 :> r2)

@!@!@ENDMSG 2217 @!@!@
@!@!@STARTMSG 2217:4 @!@!@
8: <MyNext line 50, col 15 to line 50, col 93 of module raftSpec>
/\ unorderedRequest = (r1 :> {} @@ r2 :> {v1, v2} @@ r3 :> {v1} @@ r4 :> {v1, v2})
/\ messages = << >>
/\ matchIndex = ( r1 :> (r1 :> 0 @@ r2 :> 0 @@ r3 :> 0 @@ r4 :> 0) @@
  r2 :> (r1 :> 0 @@ r2 :> 0 @@ r3 :> 0 @@ r4 :> 0) @@
  r3 :> (r1 :> 0 @@ r2 :> 0 @@ r3 :> 0 @@ r4 :> 0) @@
  r4 :> (r1 :> 0 @@ r2 :> 0 @@ r3 :> 0 @@ r4 :> 0) )
/\ log = (r1 :> <<>> @@ r2 :> <<>> @@ r3 :> <<>> @@ r4 :> <<>>)
/\ switchSentRecord = ( r1 :> {} @@
  r2 :> {<<v1, 2>>, <<v2, 2>>} @@
  r3 :> {<<v1, 2>>} @@
  r4 :> {<<v1, 2>>, <<v2, 2>>} )
/\ state = (r1 :> Switch @@ r2 :> Leader @@ r3 :> Follower @@ r4 :> Follower)
/\ Servers = {r2, r3, r4}
/\ leaderCount = (r1 :> 0 @@ r2 :> 1 @@ r3 :> 0 @@ r4 :> 0)
/\ entryCommitStats = << >>
/\ commitIndex = (r1 :> 0 @@ r2 :> 0 @@ r3 :> 0 @@ r4 :> 0)
/\ currentTerm = (r1 :> 2 @@ r2 :> 2 @@ r3 :> 2 @@ r4 :> 2)
/\ votesResponded = (r1 :> {} @@ r2 :> {r3, r4} @@ r3 :> {} @@ r4 :> {})
/\ switchIndex = r1
/\ maxc = 2
/\ nextIndex = ( r1 :> (r1 :> 1 @@ r2 :> 1 @@ r3 :> 1 @@ r4 :> 1) @@
  r2 :> (r1 :> 1 @@ r2 :> 1 @@ r3 :> 1 @@ r4 :> 1) @@
  r3 :> (r1 :> 1 @@ r2 :> 1 @@ r3 :> 1 @@ r4 :> 1) @@
  r4 :> (r1 :> 1 @@ r2 :> 1 @@ r3 :> 1 @@ r4 :> 1) )
/\ votesGranted = (r1 :> {} @@ r2 :> {r3, r4} @@ r3 :> {} @@ r4 :> {})
/\ switchBuffer = ( v1 :> [term |-> 2, value |-> v1, payload |-> v1] @@
  v2 :> [term |-> 2, value |-> v2, payload |-> v2] )
/\ voterLog = (r1 :> <<>> @@ r2 :> (r3 :> <<>> @@ r4 :> <<>>) @@ r3 :> <<>> @@ r4 :> <<>>)
/\ votedFor = (r1 :> r2 @@ r2 :> Nil @@ r3 :> r2 @@ r4 :> r2)

@!@!@ENDMSG 2217 @!@!@
@!@!@STARTMSG 2217:4 @!@!@
9: <MyNext line 52, col 15 to line 52, col 106 of module raftSpec>
/\ unorderedRequest = (r1 :> {} @@ r2 :> {v2} @@ r3 :> {v1} @@ r4 :> {v1, v2})
/\ messages = << >>
/\ matchIndex = ( r1 :> (r1 :> 0 @@ r2 :> 0 @@ r3 :> 0 @@ r4 :> 0) @@
  r2 :> (r1 :> 0 @@ r2 :> 0 @@ r3 :> 0 @@ r4 :> 0) @@
  r3 :> (r1 :> 0 @@ r2 :> 0 @@ r3 :> 0 @@ r4 :> 0) @@
  r4 :> (r1 :> 0 @@ r2 :> 0 @@ r3 :> 0 @@ r4 :> 0) )
/\ log = ( r1 :> <<>> @@
  r2 :> <<[term |-> 2, value |-> v1, payload |-> v1]>> @@
  r3 :> <<>> @@
  r4 :> <<>> )
/\ switchSentRecord = ( r1 :> {} @@
  r2 :> {<<v1, 2>>, <<v2, 2>>} @@
  r3 :> {<<v1, 2>>} @@
  r4 :> {<<v1, 2>>, <<v2, 2>>} )
/\ state = (r1 :> Switch @@ r2 :> Leader @@ r3 :> Follower @@ r4 :> Follower)
/\ Servers = {r2, r3, r4}
/\ leaderCount = (r1 :> 0 @@ r2 :> 1 @@ r3 :> 0 @@ r4 :> 0)
/\ entryCommitStats = (<<1, 2>> :> [committed |-> FALSE, sentCount |-> 0, ackCount |-> 0])
/\ commitIndex = (r1 :> 0 @@ r2 :> 0 @@ r3 :> 0 @@ r4 :> 0)
/\ currentTerm = (r1 :> 2 @@ r2 :> 2 @@ r3 :> 2 @@ r4 :> 2)
/\ votesResponded = (r1 :> {} @@ r2 :> {r3, r4} @@ r3 :> {} @@ r4 :> {})
/\ switchIndex = r1
/\ maxc = 2
/\ nextIndex = ( r1 :> (r1 :> 1 @@ r2 :> 1 @@ r3 :> 1 @@ r4 :> 1) @@
  r2 :> (r1 :> 1 @@ r2 :> 1 @@ r3 :> 1 @@ r4 :> 1) @@
  r3 :> (r1 :> 1 @@ r2 :> 1 @@ r3 :> 1 @@ r4 :> 1) @@
  r4 :> (r1 :> 1 @@ r2 :> 1 @@ r3 :> 1 @@ r4 :> 1) )
/\ votesGranted = (r1 :> {} @@ r2 :> {r3, r4} @@ r3 :> {} @@ r4 :> {})
/\ switchBuffer = ( v1 :> [term |-> 2, value |-> v1, payload |-> v1] @@
  v2 :> [term |-> 2, value |-> v2, payload |-> v2] )
/\ voterLog = (r1 :> <<>> @@ r2 :> (r3 :> <<>> @@ r4 :> <<>>) @@ r3 :> <<>> @@ r4 :> <<>>)
/\ votedFor = (r1 :> r2 @@ r2 :> Nil @@ r3 :> r2 @@ r4 :> r2)

@!@!@ENDMSG 2217 @!@!@
@!@!@STARTMSG 2217:4 @!@!@
10: <MyNext line 52, col 15 to line 52, col 106 of module raftSpec>
/\ unorderedRequest = (r1 :> {} @@ r2 :> {} @@ r3 :> {v1} @@ r4 :> {v1, v2})
/\ messages = << >>
/\ matchIndex = ( r1 :> (r1 :> 0 @@ r2 :> 0 @@ r3 :> 0 @@ r4 :> 0) @@
  r2 :> (r1 :> 0 @@ r2 :> 0 @@ r3 :> 0 @@ r4 :> 0) @@
  r3 :> (r1 :> 0 @@ r2 :> 0 @@ r3 :> 0 @@ r4 :> 0) @@
  r4 :> (r1 :> 0 @@ r2 :> 0 @@ r3 :> 0 @@ r4 :> 0) )
/\ log = ( r1 :> <<>> @@
  r2 :>
      << [term |-> 2, value |-> v1, payload |-> v1],
         [term |-> 2, value |-> v2, payload |-> v2] >> @@
  r3 :> <<>> @@
  r4 :> <<>> )
/\ switchSentRecord = ( r1 :> {} @@
  r2 :> {<<v1, 2>>, <<v2, 2>>} @@
  r3 :> {<<v1, 2>>} @@
  r4 :> {<<v1, 2>>, <<v2, 2>>} )
/\ state = (r1 :> Switch @@ r2 :> Leader @@ r3 :> Follower @@ r4 :> Follower)
/\ Servers = {r2, r3, r4}
/\ leaderCount = (r1 :> 0 @@ r2 :> 1 @@ r3 :> 0 @@ r4 :> 0)
/\ entryCommitStats = ( <<1, 2>> :> [committed |-> FALSE, sentCount |-> 0, ackCount |-> 0] @@
  <<2, 2>> :> [committed |-> FALSE, sentCount |-> 0, ackCount |-> 0] )
/\ commitIndex = (r1 :> 0 @@ r2 :> 0 @@ r3 :> 0 @@ r4 :> 0)
/\ currentTerm = (r1 :> 2 @@ r2 :> 2 @@ r3 :> 2 @@ r4 :> 2)
/\ votesResponded = (r1 :> {} @@ r2 :> {r3, r4} @@ r3 :> {} @@ r4 :> {})
/\ switchIndex = r1
/\ maxc = 2
/\ nextIndex = ( r1 :> (r1 :> 1 @@ r2 :> 1 @@ r3 :> 1 @@ r4 :> 1) @@
  r2 :> (r1 :> 1 @@ r2 :> 1 @@ r3 :> 1 @@ r4 :> 1) @@
  r3 :> (r1 :> 1 @@ r2 :> 1 @@ r3 :> 1 @@ r4 :> 1) @@
  r4 :> (r1 :> 1 @@ r2 :> 1 @@ r3 :> 1 @@ r4 :> 1) )
/\ votesGranted = (r1 :> {} @@ r2 :> {r3, r4} @@ r3 :> {} @@ r4 :> {})
/\ switchBuffer = ( v1 :> [term |-> 2, value |-> v1, payload |-> v1] @@
  v2 :> [term |-> 2, value |-> v2, payload |-> v2] )
/\ voterLog = (r1 :> <<>> @@ r2 :> (r3 :> <<>> @@ r4 :> <<>>) @@ r3 :> <<>> @@ r4 :> <<>>)
/\ votedFor = (r1 :> r2 @@ r2 :> Nil @@ r3 :> r2 @@ r4 :> r2)

@!@!@ENDMSG 2217 @!@!@
@!@!@STARTMSG 2217:4 @!@!@
11: <MyNext line 56, col 15 to line 56, col 64 of module raftSpec>
/\ unorderedRequest = (r1 :> {} @@ r2 :> {} @@ r3 :> {v1} @@ r4 :> {v1, v2})
/\ messages = ( [ mdest |-> r4,
    msource |-> r2,
    mtype |-> AppendEntriesRequest,
    mterm |-> 2,
    mprevLogIndex |-> 0,
    mprevLogTerm |-> 0,
    mentries |-> <<[term |-> 2, value |-> v1]>>,
    mcommitIndex |-> 0 ] :>
      1 )
/\ matchIndex = ( r1 :> (r1 :> 0 @@ r2 :> 0 @@ r3 :> 0 @@ r4 :> 0) @@
  r2 :> (r1 :> 0 @@ r2 :> 0 @@ r3 :> 0 @@ r4 :> 0) @@
  r3 :> (r1 :> 0 @@ r2 :> 0 @@ r3 :> 0 @@ r4 :> 0) @@
  r4 :> (r1 :> 0 @@ r2 :> 0 @@ r3 :> 0 @@ r4 :> 0) )
/\ log = ( r1 :> <<>> @@
  r2 :>
      << [term |-> 2, value |-> v1, payload |-> v1],
         [term |-> 2, value |-> v2, payload |-> v2] >> @@
  r3 :> <<>> @@
  r4 :> <<>> )
/\ switchSentRecord = ( r1 :> {} @@
  r2 :> {<<v1, 2>>, <<v2, 2>>} @@
  r3 :> {<<v1, 2>>} @@
  r4 :> {<<v1, 2>>, <<v2, 2>>} )
/\ state = (r1 :> Switch @@ r2 :> Leader @@ r3 :> Follower @@ r4 :> Follower)
/\ Servers = {r2, r3, r4}
/\ leaderCount = (r1 :> 0 @@ r2 :> 1 @@ r3 :> 0 @@ r4 :> 0)
/\ entryCommitStats = ( <<1, 2>> :> [committed |-> FALSE, sentCount |-> 1, ackCount |-> 0] @@
  <<2, 2>> :> [committed |-> FALSE, sentCount |-> 0, ackCount |-> 0] )
/\ commitIndex = (r1 :> 0 @@ r2 :> 0 @@ r3 :> 0 @@ r4 :> 0)
/\ currentTerm = (r1 :> 2 @@ r2 :> 2 @@ r3 :> 2 @@ r4 :> 2)
/\ votesResponded = (r1 :> {} @@ r2 :> {r3, r4} @@ r3 :> {} @@ r4 :> {})
/\ switchIndex = r1
/\ maxc = 2
/\ nextIndex = ( r1 :> (r1 :> 1 @@ r2 :> 1 @@ r3 :> 1 @@ r4 :> 1) @@
  r2 :> (r1 :> 1 @@ r2 :> 1 @@ r3 :> 1 @@ r4 :> 1) @@
  r3 :> (r1 :> 1 @@ r2 :> 1 @@ r3 :> 1 @@ r4 :> 1) @@
  r4 :> (r1 :> 1 @@ r2 :> 1 @@ r3 :> 1 @@ r4 :> 1) )
/\ votesGranted = (r1 :> {} @@ r2 :> {r3, r4} @@ r3 :> {} @@ r4 :> {})
/\ switchBuffer = ( v1 :> [term |-> 2, value |-> v1, payload |-> v1] @@
  v2 :> [term |-> 2, value |-> v2, payload |-> v2] )
/\ voterLog = (r1 :> <<>> @@ r2 :> (r3 :> <<>> @@ r4 :> <<>>) @@ r3 :> <<>> @@ r4 :> <<>>)
/\ votedFor = (r1 :> r2 @@ r2 :> Nil @@ r3 :> r2 @@ r4 :> r2)

@!@!@ENDMSG 2217 @!@!@
@!@!@STARTMSG 2217:4 @!@!@
12: <MyNext line 58, col 15 to line 59, col 93 of module raftSpec>
/\ unorderedRequest = (r1 :> {} @@ r2 :> {} @@ r3 :> {v1} @@ r4 :> {v2})
/\ messages = ( [ mdest |-> r4,
    msource |-> r2,
    mtype |-> AppendEntriesRequest,
    mterm |-> 2,
    mprevLogIndex |-> 0,
    mprevLogTerm |-> 0,
    mentries |-> <<[term |-> 2, value |-> v1]>>,
    mcommitIndex |-> 0 ] :>
      1 )
/\ matchIndex = ( r1 :> (r1 :> 0 @@ r2 :> 0 @@ r3 :> 0 @@ r4 :> 0) @@
  r2 :> (r1 :> 0 @@ r2 :> 0 @@ r3 :> 0 @@ r4 :> 0) @@
  r3 :> (r1 :> 0 @@ r2 :> 0 @@ r3 :> 0 @@ r4 :> 0) @@
  r4 :> (r1 :> 0 @@ r2 :> 0 @@ r3 :> 0 @@ r4 :> 0) )
/\ log = ( r1 :> <<>> @@
  r2 :>
      << [term |-> 2, value |-> v1, payload |-> v1],
         [term |-> 2, value |-> v2, payload |-> v2] >> @@
  r3 :> <<>> @@
  r4 :> <<[term |-> 2, value |-> v1, payload |-> v1]>> )
/\ switchSentRecord = ( r1 :> {} @@
  r2 :> {<<v1, 2>>, <<v2, 2>>} @@
  r3 :> {<<v1, 2>>} @@
  r4 :> {<<v1, 2>>, <<v2, 2>>} )
/\ state = (r1 :> Switch @@ r2 :> Leader @@ r3 :> Follower @@ r4 :> Follower)
/\ Servers = {r2, r3, r4}
/\ leaderCount = (r1 :> 0 @@ r2 :> 1 @@ r3 :> 0 @@ r4 :> 0)
/\ entryCommitStats = ( <<1, 2>> :> [committed |-> FALSE, sentCount |-> 1, ackCount |-> 0] @@
  <<2, 2>> :> [committed |-> FALSE, sentCount |-> 0, ackCount |-> 0] )
/\ commitIndex = (r1 :> 0 @@ r2 :> 0 @@ r3 :> 0 @@ r4 :> 0)
/\ currentTerm = (r1 :> 2 @@ r2 :> 2 @@ r3 :> 2 @@ r4 :> 2)
/\ votesResponded = (r1 :> {} @@ r2 :> {r3, r4} @@ r3 :> {} @@ r4 :> {})
/\ switchIndex = r1
/\ maxc = 2
/\ nextIndex = ( r1 :> (r1 :> 1 @@ r2 :> 1 @@ r3 :> 1 @@ r4 :> 1) @@
  r2 :> (r1 :> 1 @@ r2 :> 1 @@ r3 :> 1 @@ r4 :> 1) @@
  r3 :> (r1 :> 1 @@ r2 :> 1 @@ r3 :> 1 @@ r4 :> 1) @@
  r4 :> (r1 :> 1 @@ r2 :> 1 @@ r3 :> 1 @@ r4 :> 1) )
/\ votesGranted = (r1 :> {} @@ r2 :> {r3, r4} @@ r3 :> {} @@ r4 :> {})
/\ switchBuffer = ( v1 :> [term |-> 2, value |-> v1, payload |-> v1] @@
  v2 :> [term |-> 2, value |-> v2, payload |-> v2] )
/\ voterLog = (r1 :> <<>> @@ r2 :> (r3 :> <<>> @@ r4 :> <<>>) @@ r3 :> <<>> @@ r4 :> <<>>)
/\ votedFor = (r1 :> r2 @@ r2 :> Nil @@ r3 :> r2 @@ r4 :> r2)

@!@!@ENDMSG 2217 @!@!@
@!@!@STARTMSG 2217:4 @!@!@
13: <MyNext line 58, col 15 to line 59, col 93 of module raftSpec>
/\ unorderedRequest = (r1 :> {} @@ r2 :> {} @@ r3 :> {v1} @@ r4 :> {v2})
/\ messages = ( [ mdest |-> r2,
    msource |-> r4,
    mtype |-> AppendEntriesResponse,
    mterm |-> 2,
    msuccess |-> TRUE,
    mmatchIndex |-> 1 ] :>
      1 @@
  [ mdest |-> r4,
    msource |-> r2,
    mtype |-> AppendEntriesRequest,
    mterm |-> 2,
    mprevLogIndex |-> 0,
    mprevLogTerm |-> 0,
    mentries |-> <<[term |-> 2, value |-> v1]>>,
    mcommitIndex |-> 0 ] :>
      0 )
/\ matchIndex = ( r1 :> (r1 :> 0 @@ r2 :> 0 @@ r3 :> 0 @@ r4 :> 0) @@
  r2 :> (r1 :> 0 @@ r2 :> 0 @@ r3 :> 0 @@ r4 :> 0) @@
  r3 :> (r1 :> 0 @@ r2 :> 0 @@ r3 :> 0 @@ r4 :> 0) @@
  r4 :> (r1 :> 0 @@ r2 :> 0 @@ r3 :> 0 @@ r4 :> 0) )
/\ log = ( r1 :> <<>> @@
  r2 :>
      << [term |-> 2, value |-> v1, payload |-> v1],
         [term |-> 2, value |-> v2, payload |-> v2] >> @@
  r3 :> <<>> @@
  r4 :> <<[term |-> 2, value |-> v1, payload |-> v1]>> )
/\ switchSentRecord = ( r1 :> {} @@
  r2 :> {<<v1, 2>>, <<v2, 2>>} @@
  r3 :> {<<v1, 2>>} @@
  r4 :> {<<v1, 2>>, <<v2, 2>>} )
/\ state = (r1 :> Switch @@ r2 :> Leader @@ r3 :> Follower @@ r4 :> Follower)
/\ Servers = {r2, r3, r4}
/\ leaderCount = (r1 :> 0 @@ r2 :> 1 @@ r3 :> 0 @@ r4 :> 0)
/\ entryCommitStats = ( <<1, 2>> :> [committed |-> FALSE, sentCount |-> 1, ackCount |-> 0] @@
  <<2, 2>> :> [committed |-> FALSE, sentCount |-> 0, ackCount |-> 0] )
/\ commitIndex = (r1 :> 0 @@ r2 :> 0 @@ r3 :> 0 @@ r4 :> 0)
/\ currentTerm = (r1 :> 2 @@ r2 :> 2 @@ r3 :> 2 @@ r4 :> 2)
/\ votesResponded = (r1 :> {} @@ r2 :> {r3, r4} @@ r3 :> {} @@ r4 :> {})
/\ switchIndex = r1
/\ maxc = 2
/\ nextIndex = ( r1 :> (r1 :> 1 @@ r2 :> 1 @@ r3 :> 1 @@ r4 :> 1) @@
  r2 :> (r1 :> 1 @@ r2 :> 1 @@ r3 :> 1 @@ r4 :> 1) @@
  r3 :> (r1 :> 1 @@ r2 :> 1 @@ r3 :> 1 @@ r4 :> 1) @@
  r4 :> (r1 :> 1 @@ r2 :> 1 @@ r3 :> 1 @@ r4 :> 1) )
/\ votesGranted = (r1 :> {} @@ r2 :> {r3, r4} @@ r3 :> {} @@ r4 :> {})
/\ switchBuffer = ( v1 :> [term |-> 2, value |-> v1, payload |-> v1] @@
  v2 :> [term |-> 2, value |-> v2, payload |-> v2] )
/\ voterLog = (r1 :> <<>> @@ r2 :> (r3 :> <<>> @@ r4 :> <<>>) @@ r3 :> <<>> @@ r4 :> <<>>)
/\ votedFor = (r1 :> r2 @@ r2 :> Nil @@ r3 :> r2 @@ r4 :> r2)

@!@!@ENDMSG 2217 @!@!@
@!@!@STARTMSG 2217:4 @!@!@
14: <MyNext line 58, col 15 to line 59, col 93 of module raftSpec>
/\ unorderedRequest = (r1 :> {} @@ r2 :> {} @@ r3 :> {v1} @@ r4 :> {v2})
/\ messages = ( [ mdest |-> r2,
    msource |-> r4,
    mtype |-> AppendEntriesResponse,
    mterm |-> 2,
    msuccess |-> TRUE,
    mmatchIndex |-> 1 ] :>
      0 @@
  [ mdest |-> r4,
    msource |-> r2,
    mtype |-> AppendEntriesRequest,
    mterm |-> 2,
    mprevLogIndex |-> 0,
    mprevLogTerm |-> 0,
    mentries |-> <<[term |-> 2, value |-> v1]>>,
    mcommitIndex |-> 0 ] :>
      0 )
/\ matchIndex = ( r1 :> (r1 :> 0 @@ r2 :> 0 @@ r3 :> 0 @@ r4 :> 0) @@
  r2 :> (r1 :> 0 @@ r2 :> 0 @@ r3 :> 0 @@ r4 :> 1) @@
  r3 :> (r1 :> 0 @@ r2 :> 0 @@ r3 :> 0 @@ r4 :> 0) @@
  r4 :> (r1 :> 0 @@ r2 :> 0 @@ r3 :> 0 @@ r4 :> 0) )
/\ log = ( r1 :> <<>> @@
  r2 :>
      << [term |-> 2, value |-> v1, payload |-> v1],
         [term |-> 2, value |-> v2, payload |-> v2] >> @@
  r3 :> <<>> @@
  r4 :> <<[term |-> 2, value |-> v1, payload |-> v1]>> )
/\ switchSentRecord = ( r1 :> {} @@
  r2 :> {<<v1, 2>>, <<v2, 2>>} @@
  r3 :> {<<v1, 2>>} @@
  r4 :> {<<v1, 2>>, <<v2, 2>>} )
/\ state = (r1 :> Switch @@ r2 :> Leader @@ r3 :> Follower @@ r4 :> Follower)
/\ Servers = {r2, r3, r4}
/\ leaderCount = (r1 :> 0 @@ r2 :> 1 @@ r3 :> 0 @@ r4 :> 0)
/\ entryCommitStats = ( <<1, 2>> :> [committed |-> FALSE, sentCount |-> 1, ackCount |-> 1] @@
  <<2, 2>> :> [committed |-> FALSE, sentCount |-> 0, ackCount |-> 0] )
/\ commitIndex = (r1 :> 0 @@ r2 :> 0 @@ r3 :> 0 @@ r4 :> 0)
/\ currentTerm = (r1 :> 2 @@ r2 :> 2 @@ r3 :> 2 @@ r4 :> 2)
/\ votesResponded = (r1 :> {} @@ r2 :> {r3, r4} @@ r3 :> {} @@ r4 :> {})
/\ switchIndex = r1
/\ maxc = 2
/\ nextIndex = ( r1 :> (r1 :> 1 @@ r2 :> 1 @@ r3 :> 1 @@ r4 :> 1) @@
  r2 :> (r1 :> 1 @@ r2 :> 1 @@ r3 :> 1 @@ r4 :> 2) @@
  r3 :> (r1 :> 1 @@ r2 :> 1 @@ r3 :> 1 @@ r4 :> 1) @@
  r4 :> (r1 :> 1 @@ r2 :> 1 @@ r3 :> 1 @@ r4 :> 1) )
/\ votesGranted = (r1 :> {} @@ r2 :> {r3, r4} @@ r3 :> {} @@ r4 :> {})
/\ switchBuffer = ( v1 :> [term |-> 2, value |-> v1, payload |-> v1] @@
  v2 :> [term |-> 2, value |-> v2, payload |-> v2] )
/\ voterLog = (r1 :> <<>> @@ r2 :> (r3 :> <<>> @@ r4 :> <<>>) @@ r3 :> <<>> @@ r4 :> <<>>)
/\ votedFor = (r1 :> r2 @@ r2 :> Nil @@ r3 :> r2 @@ r4 :> r2)

@!@!@ENDMSG 2217 @!@!@
@!@!@STARTMSG 2217:4 @!@!@
15: <MyNext line 54, col 15 to line 54, col 53 of module raftSpec>
/\ unorderedRequest = (r1 :> {} @@ r2 :> {} @@ r3 :> {v1} @@ r4 :> {v2})
/\ messages = ( [ mdest |-> r2,
    msource |-> r4,
    mtype |-> AppendEntriesResponse,
    mterm |-> 2,
    msuccess |-> TRUE,
    mmatchIndex |-> 1 ] :>
      0 @@
  [ mdest |-> r4,
    msource |-> r2,
    mtype |-> AppendEntriesRequest,
    mterm |-> 2,
    mprevLogIndex |-> 0,
    mprevLogTerm |-> 0,
    mentries |-> <<[term |-> 2, value |-> v1]>>,
    mcommitIndex |-> 0 ] :>
      0 )
/\ matchIndex = ( r1 :> (r1 :> 0 @@ r2 :> 0 @@ r3 :> 0 @@ r4 :> 0) @@
  r2 :> (r1 :> 0 @@ r2 :> 0 @@ r3 :> 0 @@ r4 :> 1) @@
  r3 :> (r1 :> 0 @@ r2 :> 0 @@ r3 :> 0 @@ r4 :> 0) @@
  r4 :> (r1 :> 0 @@ r2 :> 0 @@ r3 :> 0 @@ r4 :> 0) )
/\ log = ( r1 :> <<>> @@
  r2 :>
      << [term |-> 2, value |-> v1, payload |-> v1],
         [term |-> 2, value |-> v2, payload |-> v2] >> @@
  r3 :> <<>> @@
  r4 :> <<[term |-> 2, value |-> v1, payload |-> v1]>> )
/\ switchSentRecord = ( r1 :> {} @@
  r2 :> {<<v1, 2>>, <<v2, 2>>} @@
  r3 :> {<<v1, 2>>} @@
  r4 :> {<<v1, 2>>, <<v2, 2>>} )
/\ state = (r1 :> Switch @@ r2 :> Leader @@ r3 :> Follower @@ r4 :> Follower)
/\ Servers = {r2, r3, r4}
/\ leaderCount = (r1 :> 0 @@ r2 :> 1 @@ r3 :> 0 @@ r4 :> 0)
/\ entryCommitStats = ( <<1, 2>> :> [committed |-> TRUE, sentCount |-> 1, ackCount |-> 1] @@
  <<2, 2>> :> [committed |-> FALSE, sentCount |-> 0, ackCount |-> 0] )
/\ commitIndex = (r1 :> 0 @@ r2 :> 1 @@ r3 :> 0 @@ r4 :> 0)
/\ currentTerm = (r1 :> 2 @@ r2 :> 2 @@ r3 :> 2 @@ r4 :> 2)
/\ votesResponded = (r1 :> {} @@ r2 :> {r3, r4} @@ r3 :> {} @@ r4 :> {})
/\ switchIndex = r1
/\ maxc = 2
/\ nextIndex = ( r1 :> (r1 :> 1 @@ r2 :> 1 @@ r3 :> 1 @@ r4 :> 1) @@
  r2 :> (r1 :> 1 @@ r2 :> 1 @@ r3 :> 1 @@ r4 :> 2) @@
  r3 :> (r1 :> 1 @@ r2 :> 1 @@ r3 :> 1 @@ r4 :> 1) @@
  r4 :> (r1 :> 1 @@ r2 :> 1 @@ r3 :> 1 @@ r4 :> 1) )
/\ votesGranted = (r1 :> {} @@ r2 :> {r3, r4} @@ r3 :> {} @@ r4 :> {})
/\ switchBuffer = ( v1 :> [term |-> 2, value |-> v1, payload |-> v1] @@
  v2 :> [term |-> 2, value |-> v2, payload |-> v2] )
/\ voterLog = (r1 :> <<>> @@ r2 :> (r3 :> <<>> @@ r4 :> <<>>) @@ r3 :> <<>> @@ r4 :> <<>>)
/\ votedFor = (r1 :> r2 @@ r2 :> Nil @@ r3 :> r2 @@ r4 :> r2)

@!@!@ENDMSG 2217 @!@!@
@!@!@STARTMSG 2217:4 @!@!@
16: <MyNext line 56, col 15 to line 56, col 64 of module raftSpec>
/\ unorderedRequest = (r1 :> {} @@ r2 :> {} @@ r3 :> {v1} @@ r4 :> {v2})
/\ messages = ( [ mdest |-> r2,
    msource |-> r4,
    mtype |-> AppendEntriesResponse,
    mterm |-> 2,
    msuccess |-> TRUE,
    mmatchIndex |-> 1 ] :>
      0 @@
  [ mdest |-> r3,
    msource |-> r2,
    mtype |-> AppendEntriesRequest,
    mterm |-> 2,
    mprevLogIndex |-> 0,
    mprevLogTerm |-> 0,
    mentries |-> <<[term |-> 2, value |-> v1]>>,
    mcommitIndex |-> 1 ] :>
      1 @@
  [ mdest |-> r4,
    msource |-> r2,
    mtype |-> AppendEntriesRequest,
    mterm |-> 2,
    mprevLogIndex |-> 0,
    mprevLogTerm |-> 0,
    mentries |-> <<[term |-> 2, value |-> v1]>>,
    mcommitIndex |-> 0 ] :>
      0 )
/\ matchIndex = ( r1 :> (r1 :> 0 @@ r2 :> 0 @@ r3 :> 0 @@ r4 :> 0) @@
  r2 :> (r1 :> 0 @@ r2 :> 0 @@ r3 :> 0 @@ r4 :> 1) @@
  r3 :> (r1 :> 0 @@ r2 :> 0 @@ r3 :> 0 @@ r4 :> 0) @@
  r4 :> (r1 :> 0 @@ r2 :> 0 @@ r3 :> 0 @@ r4 :> 0) )
/\ log = ( r1 :> <<>> @@
  r2 :>
      << [term |-> 2, value |-> v1, payload |-> v1],
         [term |-> 2, value |-> v2, payload |-> v2] >> @@
  r3 :> <<>> @@
  r4 :> <<[term |-> 2, value |-> v1, payload |-> v1]>> )
/\ switchSentRecord = ( r1 :> {} @@
  r2 :> {<<v1, 2>>, <<v2, 2>>} @@
  r3 :> {<<v1, 2>>} @@
  r4 :> {<<v1, 2>>, <<v2, 2>>} )
/\ state = (r1 :> Switch @@ r2 :> Leader @@ r3 :> Follower @@ r4 :> Follower)
/\ Servers = {r2, r3, r4}
/\ leaderCount = (r1 :> 0 @@ r2 :> 1 @@ r3 :> 0 @@ r4 :> 0)
/\ entryCommitStats = ( <<1, 2>> :> [committed |-> TRUE, sentCount |-> 1, ackCount |-> 1] @@
  <<2, 2>> :> [committed |-> FALSE, sentCount |-> 0, ackCount |-> 0] )
/\ commitIndex = (r1 :> 0 @@ r2 :> 1 @@ r3 :> 0 @@ r4 :> 0)
/\ currentTerm = (r1 :> 2 @@ r2 :> 2 @@ r3 :> 2 @@ r4 :> 2)
/\ votesResponded = (r1 :> {} @@ r2 :> {r3, r4} @@ r3 :> {} @@ r4 :> {})
/\ switchIndex = r1
/\ maxc = 2
/\ nextIndex = ( r1 :> (r1 :> 1 @@ r2 :> 1 @@ r3 :> 1 @@ r4 :> 1) @@
  r2 :> (r1 :> 1 @@ r2 :> 1 @@ r3 :> 1 @@ r4 :> 2) @@
  r3 :> (r1 :> 1 @@ r2 :> 1 @@ r3 :> 1 @@ r4 :> 1) @@
  r4 :> (r1 :> 1 @@ r2 :> 1 @@ r3 :> 1 @@ r4 :> 1) )
/\ votesGranted = (r1 :> {} @@ r2 :> {r3, r4} @@ r3 :> {} @@ r4 :> {})
/\ switchBuffer = ( v1 :> [term |-> 2, value |-> v1, payload |-> v1] @@
  v2 :> [term |-> 2, value |-> v2, payload |-> v2] )
/\ voterLog = (r1 :> <<>> @@ r2 :> (r3 :> <<>> @@ r4 :> <<>>) @@ r3 :> <<>> @@ r4 :> <<>>)
/\ votedFor = (r1 :> r2 @@ r2 :> Nil @@ r3 :> r2 @@ r4 :> r2)

@!@!@ENDMSG 2217 @!@!@
@!@!@STARTMSG 2217:4 @!@!@
17: <MyNext line 56, col 15 to line 56, col 64 of module raftSpec>
/\ unorderedRequest = (r1 :> {} @@ r2 :> {} @@ r3 :> {v1} @@ r4 :> {v2})
/\ messages = ( [ mdest |-> r2,
    msource |-> r4,
    mtype |-> AppendEntriesResponse,
    mterm |-> 2,
    msuccess |-> TRUE,
    mmatchIndex |-> 1 ] :>
      0 @@
  [ mdest |-> r3,
    msource |-> r2,
    mtype |-> AppendEntriesRequest,
    mterm |-> 2,
    mprevLogIndex |-> 0,
    mprevLogTerm |-> 0,
    mentries |-> <<[term |-> 2, value |-> v1]>>,
    mcommitIndex |-> 1 ] :>
      1 @@
  [ mdest |-> r4,
    msource |-> r2,
    mtype |-> AppendEntriesRequest,
    mterm |-> 2,
    mprevLogIndex |-> 0,
    mprevLogTerm |-> 0,
    mentries |-> <<[term |-> 2, value |-> v1]>>,
    mcommitIndex |-> 0 ] :>
      0 @@
  [ mdest |-> r4,
    msource |-> r2,
    mtype |-> AppendEntriesRequest,
    mterm |-> 2,
    mprevLogIndex |-> 1,
    mprevLogTerm |-> 2,
    mentries |-> <<[term |-> 2, value |-> v2]>>,
    mcommitIndex |-> 1 ] :>
      1 )
/\ matchIndex = ( r1 :> (r1 :> 0 @@ r2 :> 0 @@ r3 :> 0 @@ r4 :> 0) @@
  r2 :> (r1 :> 0 @@ r2 :> 0 @@ r3 :> 0 @@ r4 :> 1) @@
  r3 :> (r1 :> 0 @@ r2 :> 0 @@ r3 :> 0 @@ r4 :> 0) @@
  r4 :> (r1 :> 0 @@ r2 :> 0 @@ r3 :> 0 @@ r4 :> 0) )
/\ log = ( r1 :> <<>> @@
  r2 :>
      << [term |-> 2, value |-> v1, payload |-> v1],
         [term |-> 2, value |-> v2, payload |-> v2] >> @@
  r3 :> <<>> @@
  r4 :> <<[term |-> 2, value |-> v1, payload |-> v1]>> )
/\ switchSentRecord = ( r1 :> {} @@
  r2 :> {<<v1, 2>>, <<v2, 2>>} @@
  r3 :> {<<v1, 2>>} @@
  r4 :> {<<v1, 2>>, <<v2, 2>>} )
/\ state = (r1 :> Switch @@ r2 :> Leader @@ r3 :> Follower @@ r4 :> Follower)
/\ Servers = {r2, r3, r4}
/\ leaderCount = (r1 :> 0 @@ r2 :> 1 @@ r3 :> 0 @@ r4 :> 0)
/\ entryCommitStats = ( <<1, 2>> :> [committed |-> TRUE, sentCount |-> 1, ackCount |-> 1] @@
  <<2, 2>> :> [committed |-> FALSE, sentCount |-> 1, ackCount |-> 0] )
/\ commitIndex = (r1 :> 0 @@ r2 :> 1 @@ r3 :> 0 @@ r4 :> 0)
/\ currentTerm = (r1 :> 2 @@ r2 :> 2 @@ r3 :> 2 @@ r4 :> 2)
/\ votesResponded = (r1 :> {} @@ r2 :> {r3, r4} @@ r3 :> {} @@ r4 :> {})
/\ switchIndex = r1
/\ maxc = 2
/\ nextIndex = ( r1 :> (r1 :> 1 @@ r2 :> 1 @@ r3 :> 1 @@ r4 :> 1) @@
  r2 :> (r1 :> 1 @@ r2 :> 1 @@ r3 :> 1 @@ r4 :> 2) @@
  r3 :> (r1 :> 1 @@ r2 :> 1 @@ r3 :> 1 @@ r4 :> 1) @@
  r4 :> (r1 :> 1 @@ r2 :> 1 @@ r3 :> 1 @@ r4 :> 1) )
/\ votesGranted = (r1 :> {} @@ r2 :> {r3, r4} @@ r3 :> {} @@ r4 :> {})
/\ switchBuffer = ( v1 :> [term |-> 2, value |-> v1, payload |-> v1] @@
  v2 :> [term |-> 2, value |-> v2, payload |-> v2] )
/\ voterLog = (r1 :> <<>> @@ r2 :> (r3 :> <<>> @@ r4 :> <<>>) @@ r3 :> <<>> @@ r4 :> <<>>)
/\ votedFor = (r1 :> r2 @@ r2 :> Nil @@ r3 :> r2 @@ r4 :> r2)

@!@!@ENDMSG 2217 @!@!@
@!@!@STARTMSG 2217:4 @!@!@
18: <MyNext line 58, col 15 to line 59, col 93 of module raftSpec>
/\ unorderedRequest = (r1 :> {} @@ r2 :> {} @@ r3 :> {} @@ r4 :> {v2})
/\ messages = ( [ mdest |-> r2,
    msource |-> r4,
    mtype |-> AppendEntriesResponse,
    mterm |-> 2,
    msuccess |-> TRUE,
    mmatchIndex |-> 1 ] :>
      0 @@
  [ mdest |-> r3,
    msource |-> r2,
    mtype |-> AppendEntriesRequest,
    mterm |-> 2,
    mprevLogIndex |-> 0,
    mprevLogTerm |-> 0,
    mentries |-> <<[term |-> 2, value |-> v1]>>,
    mcommitIndex |-> 1 ] :>
      1 @@
  [ mdest |-> r4,
    msource |-> r2,
    mtype |-> AppendEntriesRequest,
    mterm |-> 2,
    mprevLogIndex |-> 0,
    mprevLogTerm |-> 0,
    mentries |-> <<[term |-> 2, value |-> v1]>>,
    mcommitIndex |-> 0 ] :>
      0 @@
  [ mdest |-> r4,
    msource |-> r2,
    mtype |-> AppendEntriesRequest,
    mterm |-> 2,
    mprevLogIndex |-> 1,
    mprevLogTerm |-> 2,
    mentries |-> <<[term |-> 2, value |-> v2]>>,
    mcommitIndex |-> 1 ] :>
      1 )
/\ matchIndex = ( r1 :> (r1 :> 0 @@ r2 :> 0 @@ r3 :> 0 @@ r4 :> 0) @@
  r2 :> (r1 :> 0 @@ r2 :> 0 @@ r3 :> 0 @@ r4 :> 1) @@
  r3 :> (r1 :> 0 @@ r2 :> 0 @@ r3 :> 0 @@ r4 :> 0) @@
  r4 :> (r1 :> 0 @@ r2 :> 0 @@ r3 :> 0 @@ r4 :> 0) )
/\ log = ( r1 :> <<>> @@
  r2 :>
      << [term |-> 2, value |-> v1, payload |-> v1],
         [term |-> 2, value |-> v2, payload |-> v2] >> @@
  r3 :> <<[term |-> 2, value |-> v1, payload |-> v1]>> @@
  r4 :> <<[term |-> 2, value |-> v1, payload |-> v1]>> )
/\ switchSentRecord = ( r1 :> {} @@
  r2 :> {<<v1, 2>>, <<v2, 2>>} @@
  r3 :> {<<v1, 2>>} @@
  r4 :> {<<v1, 2>>, <<v2, 2>>} )
/\ state = (r1 :> Switch @@ r2 :> Leader @@ r3 :> Follower @@ r4 :> Follower)
/\ Servers = {r2, r3, r4}
/\ leaderCount = (r1 :> 0 @@ r2 :> 1 @@ r3 :> 0 @@ r4 :> 0)
/\ entryCommitStats = ( <<1, 2>> :> [committed |-> TRUE, sentCount |-> 1, ackCount |-> 1] @@
  <<2, 2>> :> [committed |-> FALSE, sentCount |-> 1, ackCount |-> 0] )
/\ commitIndex = (r1 :> 0 @@ r2 :> 1 @@ r3 :> 0 @@ r4 :> 0)
/\ currentTerm = (r1 :> 2 @@ r2 :> 2 @@ r3 :> 2 @@ r4 :> 2)
/\ votesResponded = (r1 :> {} @@ r2 :> {r3, r4} @@ r3 :> {} @@ r4 :> {})
/\ switchIndex = r1
/\ maxc = 2
/\ nextIndex = ( r1 :> (r1 :> 1 @@ r2 :> 1 @@ r3 :> 1 @@ r4 :> 1) @@
  r2 :> (r1 :> 1 @@ r2 :> 1 @@ r3 :> 1 @@ r4 :> 2) @@
  r3 :> (r1 :> 1 @@ r2 :> 1 @@ r3 :> 1 @@ r4 :> 1) @@
  r4 :> (r1 :> 1 @@ r2 :> 1 @@ r3 :> 1 @@ r4 :> 1) )
/\ votesGranted = (r1 :> {} @@ r2 :> {r3, r4} @@ r3 :> {} @@ r4 :> {})
/\ switchBuffer = ( v1 :> [term |-> 2, value |-> v1, payload |-> v1] @@
  v2 :> [term |-> 2, value |-> v2, payload |-> v2] )
/\ voterLog = (r1 :> <<>> @@ r2 :> (r3 :> <<>> @@ r4 :> <<>>) @@ r3 :> <<>> @@ r4 :> <<>>)
/\ votedFor = (r1 :> r2 @@ r2 :> Nil @@ r3 :> r2 @@ r4 :> r2)

@!@!@ENDMSG 2217 @!@!@
@!@!@STARTMSG 2217:4 @!@!@
19: <MyNext line 58, col 15 to line 59, col 93 of module raftSpec>
/\ unorderedRequest = (r1 :> {} @@ r2 :> {} @@ r3 :> {} @@ r4 :> {v2})
/\ messages = ( [ mdest |-> r2,
    msource |-> r3,
    mtype |-> AppendEntriesResponse,
    mterm |-> 2,
    msuccess |-> TRUE,
    mmatchIndex |-> 1 ] :>
      1 @@
  [ mdest |-> r2,
    msource |-> r4,
    mtype |-> AppendEntriesResponse,
    mterm |-> 2,
    msuccess |-> TRUE,
    mmatchIndex |-> 1 ] :>
      0 @@
  [ mdest |-> r3,
    msource |-> r2,
    mtype |-> AppendEntriesRequest,
    mterm |-> 2,
    mprevLogIndex |-> 0,
    mprevLogTerm |-> 0,
    mentries |-> <<[term |-> 2, value |-> v1]>>,
    mcommitIndex |-> 1 ] :>
      0 @@
  [ mdest |-> r4,
    msource |-> r2,
    mtype |-> AppendEntriesRequest,
    mterm |-> 2,
    mprevLogIndex |-> 0,
    mprevLogTerm |-> 0,
    mentries |-> <<[term |-> 2, value |-> v1]>>,
    mcommitIndex |-> 0 ] :>
      0 @@
  [ mdest |-> r4,
    msource |-> r2,
    mtype |-> AppendEntriesRequest,
    mterm |-> 2,
    mprevLogIndex |-> 1,
    mprevLogTerm |-> 2,
    mentries |-> <<[term |-> 2, value |-> v2]>>,
    mcommitIndex |-> 1 ] :>
      1 )
/\ matchIndex = ( r1 :> (r1 :> 0 @@ r2 :> 0 @@ r3 :> 0 @@ r4 :> 0) @@
  r2 :> (r1 :> 0 @@ r2 :> 0 @@ r3 :> 0 @@ r4 :> 1) @@
  r3 :> (r1 :> 0 @@ r2 :> 0 @@ r3 :> 0 @@ r4 :> 0) @@
  r4 :> (r1 :> 0 @@ r2 :> 0 @@ r3 :> 0 @@ r4 :> 0) )
/\ log = ( r1 :> <<>> @@
  r2 :>
      << [term |-> 2, value |-> v1, payload |-> v1],
         [term |-> 2, value |-> v2, payload |-> v2] >> @@
  r3 :> <<[term |-> 2, value |-> v1, payload |-> v1]>> @@
  r4 :> <<[term |-> 2, value |-> v1, payload |-> v1]>> )
/\ switchSentRecord = ( r1 :> {} @@
  r2 :> {<<v1, 2>>, <<v2, 2>>} @@
  r3 :> {<<v1, 2>>} @@
  r4 :> {<<v1, 2>>, <<v2, 2>>} )
/\ state = (r1 :> Switch @@ r2 :> Leader @@ r3 :> Follower @@ r4 :> Follower)
/\ Servers = {r2, r3, r4}
/\ leaderCount = (r1 :> 0 @@ r2 :> 1 @@ r3 :> 0 @@ r4 :> 0)
/\ entryCommitStats = ( <<1, 2>> :> [committed |-> TRUE, sentCount |-> 1, ackCount |-> 1] @@
  <<2, 2>> :> [committed |-> FALSE, sentCount |-> 1, ackCount |-> 0] )
/\ commitIndex = (r1 :> 0 @@ r2 :> 1 @@ r3 :> 1 @@ r4 :> 0)
/\ currentTerm = (r1 :> 2 @@ r2 :> 2 @@ r3 :> 2 @@ r4 :> 2)
/\ votesResponded = (r1 :> {} @@ r2 :> {r3, r4} @@ r3 :> {} @@ r4 :> {})
/\ switchIndex = r1
/\ maxc = 2
/\ nextIndex = ( r1 :> (r1 :> 1 @@ r2 :> 1 @@ r3 :> 1 @@ r4 :> 1) @@
  r2 :> (r1 :> 1 @@ r2 :> 1 @@ r3 :> 1 @@ r4 :> 2) @@
  r3 :> (r1 :> 1 @@ r2 :> 1 @@ r3 :> 1 @@ r4 :> 1) @@
  r4 :> (r1 :> 1 @@ r2 :> 1 @@ r3 :> 1 @@ r4 :> 1) )
/\ votesGranted = (r1 :> {} @@ r2 :> {r3, r4} @@ r3 :> {} @@ r4 :> {})
/\ switchBuffer = ( v1 :> [term |-> 2, value |-> v1, payload |-> v1] @@
  v2 :> [term |-> 2, value |-> v2, payload |-> v2] )
/\ voterLog = (r1 :> <<>> @@ r2 :> (r3 :> <<>> @@ r4 :> <<>>) @@ r3 :> <<>> @@ r4 :> <<>>)
/\ votedFor = (r1 :> r2 @@ r2 :> Nil @@ r3 :> r2 @@ r4 :> r2)

@!@!@ENDMSG 2217 @!@!@
@!@!@STARTMSG 2217:4 @!@!@
20: <MyNext line 58, col 15 to line 59, col 93 of module raftSpec>
/\ unorderedRequest = (r1 :> {} @@ r2 :> {} @@ r3 :> {} @@ r4 :> {})
/\ messages = ( [ mdest |-> r2,
    msource |-> r3,
    mtype |-> AppendEntriesResponse,
    mterm |-> 2,
    msuccess |-> TRUE,
    mmatchIndex |-> 1 ] :>
      1 @@
  [ mdest |-> r2,
    msource |-> r4,
    mtype |-> AppendEntriesResponse,
    mterm |-> 2,
    msuccess |-> TRUE,
    mmatchIndex |-> 1 ] :>
      0 @@
  [ mdest |-> r3,
    msource |-> r2,
    mtype |-> AppendEntriesRequest,
    mterm |-> 2,
    mprevLogIndex |-> 0,
    mprevLogTerm |-> 0,
    mentries |-> <<[term |-> 2, value |-> v1]>>,
    mcommitIndex |-> 1 ] :>
      0 @@
  [ mdest |-> r4,
    msource |-> r2,
    mtype |-> AppendEntriesRequest,
    mterm |-> 2,
    mprevLogIndex |-> 0,
    mprevLogTerm |-> 0,
    mentries |-> <<[term |-> 2, value |-> v1]>>,
    mcommitIndex |-> 0 ] :>
      0 @@
  [ mdest |-> r4,
    msource |-> r2,
    mtype |-> AppendEntriesRequest,
    mterm |-> 2,
    mprevLogIndex |-> 1,
    mprevLogTerm |-> 2,
    mentries |-> <<[term |-> 2, value |-> v2]>>,
    mcommitIndex |-> 1 ] :>
      1 )
/\ matchIndex = ( r1 :> (r1 :> 0 @@ r2 :> 0 @@ r3 :> 0 @@ r4 :> 0) @@
  r2 :> (r1 :> 0 @@ r2 :> 0 @@ r3 :> 0 @@ r4 :> 1) @@
  r3 :> (r1 :> 0 @@ r2 :> 0 @@ r3 :> 0 @@ r4 :> 0) @@
  r4 :> (r1 :> 0 @@ r2 :> 0 @@ r3 :> 0 @@ r4 :> 0) )
/\ log = ( r1 :> <<>> @@
  r2 :>
      << [term |-> 2, value |-> v1, payload |-> v1],
         [term |-> 2, value |-> v2, payload |-> v2] >> @@
  r3 :> <<[term |-> 2, value |-> v1, payload |-> v1]>> @@
  r4 :>
      << [term |-> 2, value |-> v1, payload |-> v1],
         [term |-> 2, value |-> v2, payload |-> v2] >> )
/\ switchSentRecord = ( r1 :> {} @@
  r2 :> {<<v1, 2>>, <<v2, 2>>} @@
  r3 :> {<<v1, 2>>} @@
  r4 :> {<<v1, 2>>, <<v2, 2>>} )
/\ state = (r1 :> Switch @@ r2 :> Leader @@ r3 :> Follower @@ r4 :> Follower)
/\ Servers = {r2, r3, r4}
/\ leaderCount = (r1 :> 0 @@ r2 :> 1 @@ r3 :> 0 @@ r4 :> 0)
/\ entryCommitStats = ( <<1, 2>> :> [committed |-> TRUE, sentCount |-> 1, ackCount |-> 1] @@
  <<2, 2>> :> [committed |-> FALSE, sentCount |-> 1, ackCount |-> 0] )
/\ commitIndex = (r1 :> 0 @@ r2 :> 1 @@ r3 :> 1 @@ r4 :> 0)
/\ currentTerm = (r1 :> 2 @@ r2 :> 2 @@ r3 :> 2 @@ r4 :> 2)
/\ votesResponded = (r1 :> {} @@ r2 :> {r3, r4} @@ r3 :> {} @@ r4 :> {})
/\ switchIndex = r1
/\ maxc = 2
/\ nextIndex = ( r1 :> (r1 :> 1 @@ r2 :> 1 @@ r3 :> 1 @@ r4 :> 1) @@
  r2 :> (r1 :> 1 @@ r2 :> 1 @@ r3 :> 1 @@ r4 :> 2) @@
  r3 :> (r1 :> 1 @@ r2 :> 1 @@ r3 :> 1 @@ r4 :> 1) @@
  r4 :> (r1 :> 1 @@ r2 :> 1 @@ r3 :> 1 @@ r4 :> 1) )
/\ votesGranted = (r1 :> {} @@ r2 :> {r3, r4} @@ r3 :> {} @@ r4 :> {})
/\ switchBuffer = ( v1 :> [term |-> 2, value |-> v1, payload |-> v1] @@
  v2 :> [term |-> 2, value |-> v2, payload |-> v2] )
/\ voterLog = (r1 :> <<>> @@ r2 :> (r3 :> <<>> @@ r4 :> <<>>) @@ r3 :> <<>> @@ r4 :> <<>>)
/\ votedFor = (r1 :> r2 @@ r2 :> Nil @@ r3 :> r2 @@ r4 :> r2)

@!@!@ENDMSG 2217 @!@!@
@!@!@STARTMSG 2217:4 @!@!@
21: <MyNext line 58, col 15 to line 59, col 93 of module raftSpec>
/\ unorderedRequest = (r1 :> {} @@ r2 :> {} @@ r3 :> {} @@ r4 :> {})
/\ messages = ( [ mdest |-> r2,
    msource |-> r3,
    mtype |-> AppendEntriesResponse,
    mterm |-> 2,
    msuccess |-> TRUE,
    mmatchIndex |-> 1 ] :>
      1 @@
  [ mdest |-> r2,
    msource |-> r4,
    mtype |-> AppendEntriesResponse,
    mterm |-> 2,
    msuccess |-> TRUE,
    mmatchIndex |-> 1 ] :>
      0 @@
  [ mdest |-> r2,
    msource |-> r4,
    mtype |-> AppendEntriesResponse,
    mterm |-> 2,
    msuccess |-> TRUE,
    mmatchIndex |-> 2 ] :>
      1 @@
  [ mdest |-> r3,
    msource |-> r2,
    mtype |-> AppendEntriesRequest,
    mterm |-> 2,
    mprevLogIndex |-> 0,
    mprevLogTerm |-> 0,
    mentries |-> <<[term |-> 2, value |-> v1]>>,
    mcommitIndex |-> 1 ] :>
      0 @@
  [ mdest |-> r4,
    msource |-> r2,
    mtype |-> AppendEntriesRequest,
    mterm |-> 2,
    mprevLogIndex |-> 0,
    mprevLogTerm |-> 0,
    mentries |-> <<[term |-> 2, value |-> v1]>>,
    mcommitIndex |-> 0 ] :>
      0 @@
  [ mdest |-> r4,
    msource |-> r2,
    mtype |-> AppendEntriesRequest,
    mterm |-> 2,
    mprevLogIndex |-> 1,
    mprevLogTerm |-> 2,
    mentries |-> <<[term |-> 2, value |-> v2]>>,
    mcommitIndex |-> 1 ] :>
      0 )
/\ matchIndex = ( r1 :> (r1 :> 0 @@ r2 :> 0 @@ r3 :> 0 @@ r4 :> 0) @@
  r2 :> (r1 :> 0 @@ r2 :> 0 @@ r3 :> 0 @@ r4 :> 1) @@
  r3 :> (r1 :> 0 @@ r2 :> 0 @@ r3 :> 0 @@ r4 :> 0) @@
  r4 :> (r1 :> 0 @@ r2 :> 0 @@ r3 :> 0 @@ r4 :> 0) )
/\ log = ( r1 :> <<>> @@
  r2 :>
      << [term |-> 2, value |-> v1, payload |-> v1],
         [term |-> 2, value |-> v2, payload |-> v2] >> @@
  r3 :> <<[term |-> 2, value |-> v1, payload |-> v1]>> @@
  r4 :>
      << [term |-> 2, value |-> v1, payload |-> v1],
         [term |-> 2, value |-> v2, payload |-> v2] >> )
/\ switchSentRecord = ( r1 :> {} @@
  r2 :> {<<v1, 2>>, <<v2, 2>>} @@
  r3 :> {<<v1, 2>>} @@
  r4 :> {<<v1, 2>>, <<v2, 2>>} )
/\ state = (r1 :> Switch @@ r2 :> Leader @@ r3 :> Follower @@ r4 :> Follower)
/\ Servers = {r2, r3, r4}
/\ leaderCount = (r1 :> 0 @@ r2 :> 1 @@ r3 :> 0 @@ r4 :> 0)
/\ entryCommitStats = ( <<1, 2>> :> [committed |-> TRUE, sentCount |-> 1, ackCount |-> 1] @@
  <<2, 2>> :> [committed |-> FALSE, sentCount |-> 1, ackCount |-> 0] )
/\ commitIndex = (r1 :> 0 @@ r2 :> 1 @@ r3 :> 1 @@ r4 :> 1)
/\ currentTerm = (r1 :> 2 @@ r2 :> 2 @@ r3 :> 2 @@ r4 :> 2)
/\ votesResponded = (r1 :> {} @@ r2 :> {r3, r4} @@ r3 :> {} @@ r4 :> {})
/\ switchIndex = r1
/\ maxc = 2
/\ nextIndex = ( r1 :> (r1 :> 1 @@ r2 :> 1 @@ r3 :> 1 @@ r4 :> 1) @@
  r2 :> (r1 :> 1 @@ r2 :> 1 @@ r3 :> 1 @@ r4 :> 2) @@
  r3 :> (r1 :> 1 @@ r2 :> 1 @@ r3 :> 1 @@ r4 :> 1) @@
  r4 :> (r1 :> 1 @@ r2 :> 1 @@ r3 :> 1 @@ r4 :> 1) )
/\ votesGranted = (r1 :> {} @@ r2 :> {r3, r4} @@ r3 :> {} @@ r4 :> {})
/\ switchBuffer = ( v1 :> [term |-> 2, value |-> v1, payload |-> v1] @@
  v2 :> [term |-> 2, value |-> v2, payload |-> v2] )
/\ voterLog = (r1 :> <<>> @@ r2 :> (r3 :> <<>> @@ r4 :> <<>>) @@ r3 :> <<>> @@ r4 :> <<>>)
/\ votedFor = (r1 :> r2 @@ r2 :> Nil @@ r3 :> r2 @@ r4 :> r2)

@!@!@ENDMSG 2217 @!@!@
@!@!@STARTMSG 2201:0 @!@!@
The coverage statistics at 2025-05-26 07:39:56
@!@!@ENDMSG 2201 @!@!@
@!@!@STARTMSG 2773:0 @!@!@
<MyInit line 29, col 1 to line 29, col 6 of module raftInit>: 2:2
@!@!@ENDMSG 2773 @!@!@
@!@!@STARTMSG 2221:0 @!@!@
  line 37, col 22 to line 37, col 23 of module raftInit: 2
@!@!@ENDMSG 2221 @!@!@
@!@!@STARTMSG 2221:0 @!@!@
  |line 32, col 15 to line 32, col 26 of module raftInit: 2
@!@!@ENDMSG 2221 @!@!@
@!@!@STARTMSG 2221:0 @!@!@
  ||line 32, col 15 to line 32, col 23 of module raftInit: 2
@!@!@ENDMSG 2221 @!@!@
@!@!@STARTMSG 2221:0 @!@!@
  |||line 30, col 22 to line 31, col 67 of module raftInit: 2
@!@!@ENDMSG 2221 @!@!@
@!@!@STARTMSG 2221:0 @!@!@
  ||||line 31, col 25 to line 31, col 67 of module raftInit: 56
@!@!@ENDMSG 2221 @!@!@
@!@!@STARTMSG 2221:0 @!@!@
  |||||line 31, col 44 to line 31, col 67 of module raftInit: 218
@!@!@ENDMSG 2221 @!@!@
@!@!@STARTMSG 2221:0 @!@!@
  ||||||line 31, col 44 to line 31, col 48 of module raftInit: 218
@!@!@ENDMSG 2221 @!@!@
@!@!@STARTMSG 2221:0 @!@!@
  ||||||line 31, col 53 to line 31, col 67 of module raftInit: 144
@!@!@ENDMSG 2221 @!@!@
@!@!@STARTMSG 2221:0 @!@!@
  |||||line 31, col 37 to line 31, col 40 of module raftInit: 56
@!@!@ENDMSG 2221 @!@!@
@!@!@STARTMSG 2775:0 @!@!@
  ||||line 30, col 37 to line 30, col 52 of module raftInit: 2:2616
@!@!@ENDMSG 2775 @!@!@
@!@!@STARTMSG 2221:0 @!@!@
  line 38, col 18 to line 38, col 30 of module raftInit: 2
@!@!@ENDMSG 2221 @!@!@
@!@!@STARTMSG 2221:0 @!@!@
  |line 38, col 18 to line 38, col 23 of module raftInit: 2
@!@!@ENDMSG 2221 @!@!@
@!@!@STARTMSG 2221:0 @!@!@
  |line 38, col 27 to line 38, col 30 of module raftInit: 2
@!@!@ENDMSG 2221 @!@!@
@!@!@STARTMSG 2221:0 @!@!@
  ||line 38, col 28 to line 38, col 29 of module raftInit: 2
@!@!@ENDMSG 2221 @!@!@
@!@!@STARTMSG 2221:0 @!@!@
  |||line 32, col 15 to line 32, col 26 of module raftInit: 2
@!@!@ENDMSG 2221 @!@!@
@!@!@STARTMSG 2221:0 @!@!@
  ||||line 32, col 15 to line 32, col 23 of module raftInit: 2
@!@!@ENDMSG 2221 @!@!@
@!@!@STARTMSG 2221:0 @!@!@
  |||||line 30, col 22 to line 31, col 67 of module raftInit: 2
@!@!@ENDMSG 2221 @!@!@
@!@!@STARTMSG 2221:0 @!@!@
  ||||||line 31, col 25 to line 31, col 67 of module raftInit: 56
@!@!@ENDMSG 2221 @!@!@
@!@!@STARTMSG 2221:0 @!@!@
  |||||||line 31, col 44 to line 31, col 67 of module raftInit: 218
@!@!@ENDMSG 2221 @!@!@
@!@!@STARTMSG 2221:0 @!@!@
  ||||||||line 31, col 44 to line 31, col 48 of module raftInit: 218
@!@!@ENDMSG 2221 @!@!@
@!@!@STARTMSG 2221:0 @!@!@
  ||||||||line 31, col 53 to line 31, col 67 of module raftInit: 144
@!@!@ENDMSG 2221 @!@!@
@!@!@STARTMSG 2221:0 @!@!@
  |||||||line 31, col 37 to line 31, col 40 of module raftInit: 56
@!@!@ENDMSG 2221 @!@!@
@!@!@STARTMSG 2775:0 @!@!@
  ||||||line 30, col 37 to line 30, col 52 of module raftInit: 2:2616
@!@!@ENDMSG 2775 @!@!@
@!@!@STARTMSG 2221:0 @!@!@
  line 39, col 8 to line 39, col 41 of module raftInit: 2
@!@!@ENDMSG 2221 @!@!@
@!@!@STARTMSG 2221:0 @!@!@
  line 40, col 8 to line 40, col 41 of module raftInit: 2
@!@!@ENDMSG 2221 @!@!@
@!@!@STARTMSG 2221:0 @!@!@
  line 41, col 8 to line 41, col 63 of module raftInit: 2
@!@!@ENDMSG 2221 @!@!@
@!@!@STARTMSG 2221:0 @!@!@
  line 42, col 8 to line 42, col 36 of module raftInit: 2
@!@!@ENDMSG 2221 @!@!@
@!@!@STARTMSG 2221:0 @!@!@
  line 43, col 8 to line 43, col 59 of module raftInit: 2
@!@!@ENDMSG 2221 @!@!@
@!@!@STARTMSG 2221:0 @!@!@
  line 45, col 8 to line 45, col 34 of module raftInit: 2
@!@!@ENDMSG 2221 @!@!@
@!@!@STARTMSG 2221:0 @!@!@
  line 46, col 8 to line 46, col 58 of module raftInit: 2
@!@!@ENDMSG 2221 @!@!@
@!@!@STARTMSG 2221:0 @!@!@
  line 47, col 8 to line 50, col 36 of module raftInit: 2
@!@!@ENDMSG 2221 @!@!@
@!@!@STARTMSG 2221:0 @!@!@
  line 51, col 8 to line 51, col 63 of module raftInit: 2
@!@!@ENDMSG 2221 @!@!@
@!@!@STARTMSG 2221:0 @!@!@
  line 52, col 8 to line 52, col 88 of module raftInit: 2
@!@!@ENDMSG 2221 @!@!@
@!@!@STARTMSG 2221:0 @!@!@
  line 53, col 8 to line 53, col 72 of module raftInit: 2
@!@!@ENDMSG 2221 @!@!@
@!@!@STARTMSG 2221:0 @!@!@
  line 54, col 8 to line 54, col 74 of module raftInit: 2
@!@!@ENDMSG 2221 @!@!@
@!@!@STARTMSG 2221:0 @!@!@
  line 55, col 8 to line 55, col 106 of module raftInit: 2
@!@!@ENDMSG 2221 @!@!@
@!@!@STARTMSG 2221:0 @!@!@
  line 56, col 8 to line 56, col 48 of module raftInit: 2
@!@!@ENDMSG 2221 @!@!@
@!@!@STARTMSG 2221:0 @!@!@
  line 57, col 8 to line 57, col 48 of module raftInit: 2
@!@!@ENDMSG 2221 @!@!@
@!@!@STARTMSG 2221:0 @!@!@
  line 58, col 8 to line 58, col 80 of module raftInit: 2
@!@!@ENDMSG 2221 @!@!@
@!@!@STARTMSG 2772:0 @!@!@
<MyNext line 47, col 1 to line 47, col 6 of module raftSpec (48 15 48 91)>: 4:2902
@!@!@ENDMSG 2772 @!@!@
@!@!@STARTMSG 2221:0 @!@!@
  line 48, col 46 to line 48, col 62 of module raftSpec: 130408
@!@!@ENDMSG 2221 @!@!@
@!@!@STARTMSG 2221:0 @!@!@
  |line 48, col 46 to line 48, col 53 of module raftSpec: 127506
@!@!@ENDMSG 2221 @!@!@
@!@!@STARTMSG 2221:0 @!@!@
  |line 48, col 57 to line 48, col 62 of module raftSpec: 127506
@!@!@ENDMSG 2221 @!@!@
@!@!@STARTMSG 2221:0 @!@!@
  line 129, col 8 to line 129, col 24 of module raftActionsSolution: 45404
@!@!@ENDMSG 2221 @!@!@
@!@!@STARTMSG 2221:0 @!@!@
  |line 129, col 8 to line 129, col 15 of module raftActionsSolution: 42502
@!@!@ENDMSG 2221 @!@!@
@!@!@STARTMSG 2221:0 @!@!@
  |line 129, col 19 to line 129, col 24 of module raftActionsSolution: 42502
@!@!@ENDMSG 2221 @!@!@
@!@!@STARTMSG 2221:0 @!@!@
  line 130, col 25 to line 130, col 41 of module raftActionsSolution: 172910
@!@!@ENDMSG 2221 @!@!@
@!@!@STARTMSG 2221:0 @!@!@
  |line 130, col 25 to line 130, col 32 of module raftActionsSolution: 170008
@!@!@ENDMSG 2221 @!@!@
@!@!@STARTMSG 2221:0 @!@!@
  |line 130, col 36 to line 130, col 41 of module raftActionsSolution: 170008
@!@!@ENDMSG 2221 @!@!@
@!@!@STARTMSG 2221:0 @!@!@
  line 130, col 17 to line 130, col 22 of module raftActionsSolution: 42502
@!@!@ENDMSG 2221 @!@!@
@!@!@STARTMSG 2221:0 @!@!@
  line 133, col 8 to line 133, col 31 of module raftActionsSolution: 2902
@!@!@ENDMSG 2221 @!@!@
@!@!@STARTMSG 2221:0 @!@!@
  |line 133, col 8 to line 133, col 11 of module raftActionsSolution: 42502
@!@!@ENDMSG 2221 @!@!@
@!@!@STARTMSG 2221:0 @!@!@
  |line 133, col 15 to line 133, col 31 of module raftActionsSolution: 42502
@!@!@ENDMSG 2221 @!@!@
@!@!@STARTMSG 2221:0 @!@!@
  line 139, col 15 to line 139, col 26 of module raftActionsSolution: 2902
@!@!@ENDMSG 2221 @!@!@
@!@!@STARTMSG 2221:0 @!@!@
  |line 139, col 16 to line 139, col 26 of module raftActionsSolution: 2902
@!@!@ENDMSG 2221 @!@!@
@!@!@STARTMSG 2221:0 @!@!@
  ||line 137, col 27 to line 137, col 79 of module raftActionsSolution: 2902
@!@!@ENDMSG 2221 @!@!@
@!@!@STARTMSG 2221:0 @!@!@
  |||line 137, col 57 to line 137, col 79 of module raftActionsSolution: 2898
@!@!@ENDMSG 2221 @!@!@
@!@!@STARTMSG 2221:0 @!@!@
  |||line 137, col 36 to line 137, col 54 of module raftActionsSolution: 2902
@!@!@ENDMSG 2221 @!@!@
@!@!@STARTMSG 2221:0 @!@!@
  line 140, col 13 to line 141, col 59 of module raftActionsSolution: 1453
@!@!@ENDMSG 2221 @!@!@
@!@!@STARTMSG 2221:0 @!@!@
  line 142, col 17 to line 142, col 48 of module raftActionsSolution: 1449
@!@!@ENDMSG 2221 @!@!@
@!@!@STARTMSG 2221:0 @!@!@
  line 143, col 8 to line 143, col 166 of module raftActionsSolution: 2902
@!@!@ENDMSG 2221 @!@!@
@!@!@STARTMSG 2221:0 @!@!@
  line 48, col 87 to line 48, col 87 of module raftSpec: 42502
@!@!@ENDMSG 2221 @!@!@
@!@!@STARTMSG 2221:0 @!@!@
  line 48, col 90 to line 48, col 90 of module raftSpec: 2902
@!@!@ENDMSG 2221 @!@!@
@!@!@STARTMSG 2221:0 @!@!@
  line 48, col 24 to line 48, col 28 of module raftSpec: 21251
@!@!@ENDMSG 2221 @!@!@
@!@!@STARTMSG 2221:0 @!@!@
  line 48, col 37 to line 48, col 43 of module raftSpec: 21251
@!@!@ENDMSG 2221 @!@!@
@!@!@STARTMSG 2772:0 @!@!@
<MyNext line 47, col 1 to line 47, col 6 of module raftSpec (50 15 50 93)>: 79:36796
@!@!@ENDMSG 2772 @!@!@
@!@!@STARTMSG 2221:0 @!@!@
  line 147, col 38 to line 147, col 42 of module raftActionsSolution: 278740
@!@!@ENDMSG 2221 @!@!@
@!@!@STARTMSG 2221:0 @!@!@
  |line 147, col 38 to line 147, col 38 of module raftActionsSolution: 241944
@!@!@ENDMSG 2221 @!@!@
@!@!@STARTMSG 2221:0 @!@!@
  |line 147, col 42 to line 147, col 42 of module raftActionsSolution: 241944
@!@!@ENDMSG 2221 @!@!@
@!@!@STARTMSG 2221:0 @!@!@
  line 147, col 17 to line 147, col 35 of module raftActionsSolution: 123144
@!@!@ENDMSG 2221 @!@!@
@!@!@STARTMSG 2221:0 @!@!@
  line 148, col 8 to line 148, col 99 of module raftActionsSolution: 159940
@!@!@ENDMSG 2221 @!@!@
@!@!@STARTMSG 2221:0 @!@!@
  |line 148, col 10 to line 148, col 98 of module raftActionsSolution: 123144
@!@!@ENDMSG 2221 @!@!@
@!@!@STARTMSG 2221:0 @!@!@
  ||line 148, col 44 to line 148, col 98 of module raftActionsSolution: 139977
@!@!@ENDMSG 2221 @!@!@
@!@!@STARTMSG 2221:0 @!@!@
  ||line 148, col 23 to line 148, col 41 of module raftActionsSolution: 123144
@!@!@ENDMSG 2221 @!@!@
@!@!@STARTMSG 2221:0 @!@!@
  line 149, col 8 to line 149, col 135 of module raftActionsSolution: 36796
@!@!@ENDMSG 2221 @!@!@
@!@!@STARTMSG 2221:0 @!@!@
  line 150, col 8 to line 150, col 109 of module raftActionsSolution: 36796
@!@!@ENDMSG 2221 @!@!@
@!@!@STARTMSG 2221:0 @!@!@
  line 151, col 8 to line 151, col 134 of module raftActionsSolution: 36796
@!@!@ENDMSG 2221 @!@!@
@!@!@STARTMSG 2221:0 @!@!@
  line 50, col 89 to line 50, col 89 of module raftSpec: 123144
@!@!@ENDMSG 2221 @!@!@
@!@!@STARTMSG 2221:0 @!@!@
  line 50, col 92 to line 50, col 92 of module raftSpec: 123144
@!@!@ENDMSG 2221 @!@!@
@!@!@STARTMSG 2221:0 @!@!@
  line 50, col 24 to line 50, col 42 of module raftSpec: 21249
@!@!@ENDMSG 2221 @!@!@
@!@!@STARTMSG 2221:0 @!@!@
  line 50, col 51 to line 50, col 57 of module raftSpec: 21249
@!@!@ENDMSG 2221 @!@!@
@!@!@STARTMSG 2772:0 @!@!@
<MyNext line 47, col 1 to line 47, col 6 of module raftSpec (52 15 52 106)>: 111:4399
@!@!@ENDMSG 2772 @!@!@
@!@!@STARTMSG 2221:0 @!@!@
  line 52, col 60 to line 52, col 76 of module raftSpec: 127516
@!@!@ENDMSG 2221 @!@!@
@!@!@STARTMSG 2221:0 @!@!@
  |line 52, col 60 to line 52, col 67 of module raftSpec: 123117
@!@!@ENDMSG 2221 @!@!@
@!@!@STARTMSG 2221:0 @!@!@
  |line 52, col 71 to line 52, col 76 of module raftSpec: 123117
@!@!@ENDMSG 2221 @!@!@
@!@!@STARTMSG 2221:0 @!@!@
  line 155, col 8 to line 155, col 24 of module raftActionsSolution: 45438
@!@!@ENDMSG 2221 @!@!@
@!@!@STARTMSG 2221:0 @!@!@
  |line 155, col 8 to line 155, col 15 of module raftActionsSolution: 41039
@!@!@ENDMSG 2221 @!@!@
@!@!@STARTMSG 2221:0 @!@!@
  |line 155, col 19 to line 155, col 24 of module raftActionsSolution: 41039
@!@!@ENDMSG 2221 @!@!@
@!@!@STARTMSG 2221:0 @!@!@
  line 156, col 38 to line 156, col 42 of module raftActionsSolution: 85030
@!@!@ENDMSG 2221 @!@!@
@!@!@STARTMSG 2221:0 @!@!@
  |line 156, col 38 to line 156, col 38 of module raftActionsSolution: 80631
@!@!@ENDMSG 2221 @!@!@
@!@!@STARTMSG 2221:0 @!@!@
  |line 156, col 42 to line 156, col 42 of module raftActionsSolution: 80631
@!@!@ENDMSG 2221 @!@!@
@!@!@STARTMSG 2221:0 @!@!@
  line 156, col 17 to line 156, col 35 of module raftActionsSolution: 41039
@!@!@ENDMSG 2221 @!@!@
@!@!@STARTMSG 2221:0 @!@!@
  line 157, col 39 to line 157, col 43 of module raftActionsSolution: 13189
@!@!@ENDMSG 2221 @!@!@
@!@!@STARTMSG 2221:0 @!@!@
  |line 157, col 39 to line 157, col 39 of module raftActionsSolution: 8790
@!@!@ENDMSG 2221 @!@!@
@!@!@STARTMSG 2221:0 @!@!@
  |line 157, col 43 to line 157, col 43 of module raftActionsSolution: 8790
@!@!@ENDMSG 2221 @!@!@
@!@!@STARTMSG 2221:0 @!@!@
  line 157, col 17 to line 157, col 35 of module raftActionsSolution: 41039
@!@!@ENDMSG 2221 @!@!@
@!@!@STARTMSG 2221:0 @!@!@
  line 158, col 8 to line 158, col 62 of module raftActionsSolution: 8798
@!@!@ENDMSG 2221 @!@!@
@!@!@STARTMSG 2221:0 @!@!@
  |line 158, col 10 to line 158, col 61 of module raftActionsSolution: 4399
@!@!@ENDMSG 2221 @!@!@
@!@!@STARTMSG 2221:0 @!@!@
  ||line 158, col 35 to line 158, col 61 of module raftActionsSolution: 4325
@!@!@ENDMSG 2221 @!@!@
@!@!@STARTMSG 2221:0 @!@!@
  ||line 158, col 19 to line 158, col 31 of module raftActionsSolution: 4399
@!@!@ENDMSG 2221 @!@!@
@!@!@STARTMSG 2221:0 @!@!@
  line 168, col 9 to line 173, col 35 of module raftActionsSolution: 4399
@!@!@ENDMSG 2221 @!@!@
@!@!@STARTMSG 2221:0 @!@!@
  line 174, col 8 to line 174, col 154 of module raftActionsSolution: 4399
@!@!@ENDMSG 2221 @!@!@
@!@!@STARTMSG 2221:0 @!@!@
  line 52, col 102 to line 52, col 102 of module raftSpec: 41039
@!@!@ENDMSG 2221 @!@!@
@!@!@STARTMSG 2221:0 @!@!@
  line 52, col 105 to line 52, col 105 of module raftSpec: 41039
@!@!@ENDMSG 2221 @!@!@
@!@!@STARTMSG 2221:0 @!@!@
  line 52, col 24 to line 52, col 30 of module raftSpec: 21244
@!@!@ENDMSG 2221 @!@!@
@!@!@STARTMSG 2221:0 @!@!@
  line 52, col 39 to line 52, col 57 of module raftSpec: 21244
@!@!@ENDMSG 2221 @!@!@
@!@!@STARTMSG 2772:0 @!@!@
<MyNext line 47, col 1 to line 47, col 6 of module raftSpec (54 15 54 53)>: 3386:21242
@!@!@ENDMSG 2772 @!@!@
@!@!@STARTMSG 2221:0 @!@!@
  line 337, col 8 to line 337, col 24 of module raftActionsSolution: 84968
@!@!@ENDMSG 2221 @!@!@
@!@!@STARTMSG 2221:0 @!@!@
  |line 337, col 8 to line 337, col 15 of module raftActionsSolution: 63726
@!@!@ENDMSG 2221 @!@!@
@!@!@STARTMSG 2221:0 @!@!@
  |line 337, col 19 to line 337, col 24 of module raftActionsSolution: 63726
@!@!@ENDMSG 2221 @!@!@
@!@!@STARTMSG 2221:0 @!@!@
  line 356, col 14 to line 356, col 70 of module raftActionsSolution: 21242
@!@!@ENDMSG 2221 @!@!@
@!@!@STARTMSG 2221:0 @!@!@
  |line 356, col 29 to line 356, col 70 of module raftActionsSolution: 21242
@!@!@ENDMSG 2221 @!@!@
@!@!@STARTMSG 2221:0 @!@!@
  ||line 356, col 30 to line 356, col 40 of module raftActionsSolution: 21242
@!@!@ENDMSG 2221 @!@!@
@!@!@STARTMSG 2221:0 @!@!@
  ||line 356, col 49 to line 356, col 69 of module raftActionsSolution: 21242
@!@!@ENDMSG 2221 @!@!@
@!@!@STARTMSG 2221:0 @!@!@
  ||line 356, col 56 to line 356, col 69 of module raftActionsSolution: 21242
@!@!@ENDMSG 2221 @!@!@
@!@!@STARTMSG 2221:0 @!@!@
  |||line 346, col 15 to line 351, col 32 of module raftActionsSolution: 21242
@!@!@ENDMSG 2221 @!@!@
@!@!@STARTMSG 2221:0 @!@!@
  ||||line 346, col 18 to line 347, col 67 of module raftActionsSolution: 21242
@!@!@ENDMSG 2221 @!@!@
@!@!@STARTMSG 2221:0 @!@!@
  |||||line 346, col 21 to line 346, col 38 of module raftActionsSolution: 21242
@!@!@ENDMSG 2221 @!@!@
@!@!@STARTMSG 2221:0 @!@!@
  ||||||line 346, col 21 to line 346, col 32 of module raftActionsSolution: 21242
@!@!@ENDMSG 2221 @!@!@
@!@!@STARTMSG 2221:0 @!@!@
  |||||||line 342, col 28 to line 343, col 56 of module raftActionsSolution: 21242
@!@!@ENDMSG 2221 @!@!@
@!@!@STARTMSG 2221:0 @!@!@
  ||||||||line 343, col 33 to line 343, col 55 of module raftActionsSolution: 31738
@!@!@ENDMSG 2221 @!@!@
@!@!@STARTMSG 2221:0 @!@!@
  |||||||||line 343, col 33 to line 343, col 44 of module raftActionsSolution: 31738
@!@!@ENDMSG 2221 @!@!@
@!@!@STARTMSG 2221:0 @!@!@
  ||||||||||line 339, col 28 to line 340, col 67 of module raftActionsSolution: 31738
@!@!@ENDMSG 2221 @!@!@
@!@!@STARTMSG 2221:0 @!@!@
  |||||||||||line 339, col 28 to line 339, col 30 of module raftActionsSolution: 31738
@!@!@ENDMSG 2221 @!@!@
@!@!@STARTMSG 2775:0 @!@!@
  |||||||||||line 339, col 37 to line 340, col 67 of module raftActionsSolution: 31738:45914
@!@!@ENDMSG 2775 @!@!@
@!@!@STARTMSG 2221:0 @!@!@
  ||||||||||||line 340, col 42 to line 340, col 66 of module raftActionsSolution: 95214
@!@!@ENDMSG 2221 @!@!@
@!@!@STARTMSG 2221:0 @!@!@
  ||||||||||||line 339, col 44 to line 339, col 50 of module raftActionsSolution: 31738
@!@!@ENDMSG 2221 @!@!@
@!@!@STARTMSG 2221:0 @!@!@
  ||||||||||line 343, col 39 to line 343, col 43 of module raftActionsSolution: 31738
@!@!@ENDMSG 2221 @!@!@
@!@!@STARTMSG 2221:0 @!@!@
  |||||||||line 343, col 50 to line 343, col 55 of module raftActionsSolution: 31738
@!@!@ENDMSG 2221 @!@!@
@!@!@STARTMSG 2221:0 @!@!@
  ||||||||line 342, col 39 to line 342, col 52 of module raftActionsSolution: 21242
@!@!@ENDMSG 2221 @!@!@
@!@!@STARTMSG 2221:0 @!@!@
  ||||||line 346, col 37 to line 346, col 38 of module raftActionsSolution: 21242
@!@!@ENDMSG 2221 @!@!@
@!@!@STARTMSG 2221:0 @!@!@
  |||||line 347, col 21 to line 347, col 67 of module raftActionsSolution: 13321
@!@!@ENDMSG 2221 @!@!@
@!@!@STARTMSG 2221:0 @!@!@
  ||||||line 347, col 21 to line 347, col 50 of module raftActionsSolution: 13321
@!@!@ENDMSG 2221 @!@!@
@!@!@STARTMSG 2221:0 @!@!@
  |||||||line 347, col 21 to line 347, col 45 of module raftActionsSolution: 13321
@!@!@ENDMSG 2221 @!@!@
@!@!@STARTMSG 2221:0 @!@!@
  ||||||||line 347, col 21 to line 347, col 26 of module raftActionsSolution: 13321
@!@!@ENDMSG 2221 @!@!@
@!@!@STARTMSG 2221:0 @!@!@
  ||||||||line 347, col 28 to line 347, col 44 of module raftActionsSolution: 13321
@!@!@ENDMSG 2221 @!@!@
@!@!@STARTMSG 2221:0 @!@!@
  |||||||||line 40, col 11 to line 40, col 46 of module raftHelpers: 13321
@!@!@ENDMSG 2221 @!@!@
@!@!@STARTMSG 2221:0 @!@!@
  ||||||||||line 40, col 28 to line 40, col 46 of module raftHelpers: 13556
@!@!@ENDMSG 2221 @!@!@
@!@!@STARTMSG 2221:0 @!@!@
  |||||||||||line 40, col 41 to line 40, col 46 of module raftHelpers: 14026
@!@!@ENDMSG 2221 @!@!@
@!@!@STARTMSG 2221:0 @!@!@
  |||||||||||line 40, col 37 to line 40, col 37 of module raftHelpers: 13556
@!@!@ENDMSG 2221 @!@!@
@!@!@STARTMSG 2221:0 @!@!@
  ||||||||||line 40, col 24 to line 40, col 24 of module raftHelpers: 13321
@!@!@ENDMSG 2221 @!@!@
@!@!@STARTMSG 2221:0 @!@!@
  |||||||||line 347, col 32 to line 347, col 43 of module raftActionsSolution: 13321
@!@!@ENDMSG 2221 @!@!@
@!@!@STARTMSG 2775:0 @!@!@
  ||||||||||line 342, col 28 to line 343, col 56 of module raftActionsSolution: 13321:41138
@!@!@ENDMSG 2775 @!@!@
@!@!@STARTMSG 2221:0 @!@!@
  |||||||||||line 343, col 33 to line 343, col 55 of module raftActionsSolution: 21743
@!@!@ENDMSG 2221 @!@!@
@!@!@STARTMSG 2221:0 @!@!@
  ||||||||||||line 343, col 33 to line 343, col 44 of module raftActionsSolution: 21743
@!@!@ENDMSG 2221 @!@!@
@!@!@STARTMSG 2221:0 @!@!@
  |||||||||||||line 339, col 28 to line 340, col 67 of module raftActionsSolution: 21743
@!@!@ENDMSG 2221 @!@!@
@!@!@STARTMSG 2221:0 @!@!@
  ||||||||||||||line 339, col 28 to line 339, col 30 of module raftActionsSolution: 21743
@!@!@ENDMSG 2221 @!@!@
@!@!@STARTMSG 2775:0 @!@!@
  ||||||||||||||line 339, col 37 to line 340, col 67 of module raftActionsSolution: 21743:35919
@!@!@ENDMSG 2775 @!@!@
@!@!@STARTMSG 2221:0 @!@!@
  |||||||||||||||line 340, col 42 to line 340, col 66 of module raftActionsSolution: 65229
@!@!@ENDMSG 2221 @!@!@
@!@!@STARTMSG 2221:0 @!@!@
  |||||||||||||||line 339, col 44 to line 339, col 50 of module raftActionsSolution: 21743
@!@!@ENDMSG 2221 @!@!@
@!@!@STARTMSG 2221:0 @!@!@
  |||||||||||||line 343, col 39 to line 343, col 43 of module raftActionsSolution: 21743
@!@!@ENDMSG 2221 @!@!@
@!@!@STARTMSG 2221:0 @!@!@
  ||||||||||||line 343, col 50 to line 343, col 55 of module raftActionsSolution: 21743
@!@!@ENDMSG 2221 @!@!@
@!@!@STARTMSG 2221:0 @!@!@
  |||||||||||line 342, col 39 to line 342, col 52 of module raftActionsSolution: 13321
@!@!@ENDMSG 2221 @!@!@
@!@!@STARTMSG 2221:0 @!@!@
  ||||||line 347, col 54 to line 347, col 67 of module raftActionsSolution: 13321
@!@!@ENDMSG 2221 @!@!@
@!@!@STARTMSG 2221:0 @!@!@
  ||||line 349, col 19 to line 349, col 35 of module raftActionsSolution: 13321
@!@!@ENDMSG 2221 @!@!@
@!@!@STARTMSG 2221:0 @!@!@
  |||||line 40, col 11 to line 40, col 46 of module raftHelpers: 13321
@!@!@ENDMSG 2221 @!@!@
@!@!@STARTMSG 2221:0 @!@!@
  ||||||line 40, col 28 to line 40, col 46 of module raftHelpers: 13556
@!@!@ENDMSG 2221 @!@!@
@!@!@STARTMSG 2221:0 @!@!@
  |||||||line 40, col 41 to line 40, col 46 of module raftHelpers: 14026
@!@!@ENDMSG 2221 @!@!@
@!@!@STARTMSG 2221:0 @!@!@
  |||||||line 40, col 37 to line 40, col 37 of module raftHelpers: 13556
@!@!@ENDMSG 2221 @!@!@
@!@!@STARTMSG 2221:0 @!@!@
  ||||||line 40, col 24 to line 40, col 24 of module raftHelpers: 13321
@!@!@ENDMSG 2221 @!@!@
@!@!@STARTMSG 2221:0 @!@!@
  |||||line 349, col 23 to line 349, col 34 of module raftActionsSolution: 13321
@!@!@ENDMSG 2221 @!@!@
@!@!@STARTMSG 2775:0 @!@!@
  ||||||line 342, col 28 to line 343, col 56 of module raftActionsSolution: 13321:41138
@!@!@ENDMSG 2775 @!@!@
@!@!@STARTMSG 2221:0 @!@!@
  |||||||line 343, col 33 to line 343, col 55 of module raftActionsSolution: 21743
@!@!@ENDMSG 2221 @!@!@
@!@!@STARTMSG 2221:0 @!@!@
  ||||||||line 343, col 33 to line 343, col 44 of module raftActionsSolution: 21743
@!@!@ENDMSG 2221 @!@!@
@!@!@STARTMSG 2221:0 @!@!@
  |||||||||line 339, col 28 to line 340, col 67 of module raftActionsSolution: 21743
@!@!@ENDMSG 2221 @!@!@
@!@!@STARTMSG 2221:0 @!@!@
  ||||||||||line 339, col 28 to line 339, col 30 of module raftActionsSolution: 21743
@!@!@ENDMSG 2221 @!@!@
@!@!@STARTMSG 2775:0 @!@!@
  ||||||||||line 339, col 37 to line 340, col 67 of module raftActionsSolution: 21743:35919
@!@!@ENDMSG 2775 @!@!@
@!@!@STARTMSG 2221:0 @!@!@
  |||||||||||line 340, col 42 to line 340, col 66 of module raftActionsSolution: 65229
@!@!@ENDMSG 2221 @!@!@
@!@!@STARTMSG 2221:0 @!@!@
  |||||||||||line 339, col 44 to line 339, col 50 of module raftActionsSolution: 21743
@!@!@ENDMSG 2221 @!@!@
@!@!@STARTMSG 2221:0 @!@!@
  |||||||||line 343, col 39 to line 343, col 43 of module raftActionsSolution: 21743
@!@!@ENDMSG 2221 @!@!@
@!@!@STARTMSG 2221:0 @!@!@
  ||||||||line 343, col 50 to line 343, col 55 of module raftActionsSolution: 21743
@!@!@ENDMSG 2221 @!@!@
@!@!@STARTMSG 2221:0 @!@!@
  |||||||line 342, col 39 to line 342, col 52 of module raftActionsSolution: 13321
@!@!@ENDMSG 2221 @!@!@
@!@!@STARTMSG 2221:0 @!@!@
  ||||line 351, col 19 to line 351, col 32 of module raftActionsSolution: 7921
@!@!@ENDMSG 2221 @!@!@
@!@!@STARTMSG 2221:0 @!@!@
  line 358, col 14 to line 362, col 47 of module raftActionsSolution: 21242
@!@!@ENDMSG 2221 @!@!@
@!@!@STARTMSG 2221:0 @!@!@
  line 364, col 8 to line 364, col 117 of module raftActionsSolution: 21242
@!@!@ENDMSG 2221 @!@!@
@!@!@STARTMSG 2221:0 @!@!@
  line 54, col 52 to line 54, col 52 of module raftSpec: 63726
@!@!@ENDMSG 2221 @!@!@
@!@!@STARTMSG 2221:0 @!@!@
  line 54, col 24 to line 54, col 30 of module raftSpec: 21242
@!@!@ENDMSG 2221 @!@!@
@!@!@STARTMSG 2772:0 @!@!@
<MyNext line 47, col 1 to line 47, col 6 of module raftSpec (56 15 56 64)>: 12821:36717
@!@!@ENDMSG 2772 @!@!@
@!@!@STARTMSG 2221:0 @!@!@
  line 56, col 35 to line 56, col 40 of module raftSpec: 227886
@!@!@ENDMSG 2221 @!@!@
@!@!@STARTMSG 2221:0 @!@!@
  |line 56, col 35 to line 56, col 35 of module raftSpec: 191169
@!@!@ENDMSG 2221 @!@!@
@!@!@STARTMSG 2221:0 @!@!@
  |line 56, col 40 to line 56, col 40 of module raftSpec: 191169
@!@!@ENDMSG 2221 @!@!@
@!@!@STARTMSG 2221:0 @!@!@
  line 181, col 8 to line 181, col 13 of module raftActionsSolution: 164163
@!@!@ENDMSG 2221 @!@!@
@!@!@STARTMSG 2221:0 @!@!@
  |line 181, col 8 to line 181, col 8 of module raftActionsSolution: 127446
@!@!@ENDMSG 2221 @!@!@
@!@!@STARTMSG 2221:0 @!@!@
  |line 181, col 13 to line 181, col 13 of module raftActionsSolution: 127446
@!@!@ENDMSG 2221 @!@!@
@!@!@STARTMSG 2221:0 @!@!@
  line 182, col 8 to line 182, col 24 of module raftActionsSolution: 164163
@!@!@ENDMSG 2221 @!@!@
@!@!@STARTMSG 2221:0 @!@!@
  |line 182, col 8 to line 182, col 15 of module raftActionsSolution: 127446
@!@!@ENDMSG 2221 @!@!@
@!@!@STARTMSG 2221:0 @!@!@
  |line 182, col 19 to line 182, col 24 of module raftActionsSolution: 127446
@!@!@ENDMSG 2221 @!@!@
@!@!@STARTMSG 2221:0 @!@!@
  line 183, col 8 to line 183, col 22 of module raftActionsSolution: 36717
@!@!@ENDMSG 2221 @!@!@
@!@!@STARTMSG 2221:0 @!@!@
  |line 183, col 8 to line 183, col 18 of module raftActionsSolution: 42482
@!@!@ENDMSG 2221 @!@!@
@!@!@STARTMSG 2221:0 @!@!@
  line 184, col 8 to line 184, col 37 of module raftActionsSolution: 36717
@!@!@ENDMSG 2221 @!@!@
@!@!@STARTMSG 2221:0 @!@!@
  |line 184, col 8 to line 184, col 22 of module raftActionsSolution: 42320
@!@!@ENDMSG 2221 @!@!@
@!@!@STARTMSG 2221:0 @!@!@
  |line 184, col 27 to line 184, col 37 of module raftActionsSolution: 42320
@!@!@ENDMSG 2221 @!@!@
@!@!@STARTMSG 2221:0 @!@!@
  line 185, col 8 to line 185, col 41 of module raftActionsSolution: 36717
@!@!@ENDMSG 2221 @!@!@
@!@!@STARTMSG 2221:0 @!@!@
  line 26, col 12 to line 26, col 47 of module raftHelpers: 36717
@!@!@ENDMSG 2221 @!@!@
@!@!@STARTMSG 2221:0 @!@!@
  |line 26, col 24 to line 26, col 47 of module raftHelpers: 36717
@!@!@ENDMSG 2221 @!@!@
@!@!@STARTMSG 2221:0 @!@!@
  ||line 13, col 5 to line 17, col 24 of module raftHelpers: 36717
@!@!@ENDMSG 2221 @!@!@
@!@!@STARTMSG 2221:0 @!@!@
  |||line 13, col 8 to line 13, col 24 of module raftHelpers: 36717
@!@!@ENDMSG 2221 @!@!@
@!@!@STARTMSG 2221:0 @!@!@
  |||line 14, col 9 to line 14, col 12 of module raftHelpers: 22074
@!@!@ENDMSG 2221 @!@!@
@!@!@STARTMSG 2221:0 @!@!@
  |||line 17, col 9 to line 17, col 24 of module raftHelpers: 14643
@!@!@ENDMSG 2221 @!@!@
@!@!@STARTMSG 2221:0 @!@!@
  ||line 26, col 39 to line 26, col 46 of module raftHelpers: 36717
@!@!@ENDMSG 2221 @!@!@
@!@!@STARTMSG 2221:0 @!@!@
  line 210, col 16 to line 210, col 22 of module raftActionsSolution: 36717
@!@!@ENDMSG 2221 @!@!@
@!@!@STARTMSG 2221:0 @!@!@
  |line 194, col 23 to line 205, col 37 of module raftActionsSolution: 36717
@!@!@ENDMSG 2221 @!@!@
@!@!@STARTMSG 2221:0 @!@!@
  ||line 194, col 24 to line 194, col 62 of module raftActionsSolution: 36717
@!@!@ENDMSG 2221 @!@!@
@!@!@STARTMSG 2221:0 @!@!@
  ||line 195, col 17 to line 195, col 49 of module raftActionsSolution: 36717
@!@!@ENDMSG 2221 @!@!@
@!@!@STARTMSG 2221:0 @!@!@
  ||line 196, col 17 to line 196, col 47 of module raftActionsSolution: 36717
@!@!@ENDMSG 2221 @!@!@
@!@!@STARTMSG 2221:0 @!@!@
  ||line 197, col 36 to line 197, col 46 of module raftActionsSolution: 36717
@!@!@ENDMSG 2221 @!@!@
@!@!@STARTMSG 2221:0 @!@!@
  |||line 191, col 27 to line 193, col 32 of module raftActionsSolution: 36717
@!@!@ENDMSG 2221 @!@!@
@!@!@STARTMSG 2221:0 @!@!@
  ||||line 191, col 30 to line 191, col 45 of module raftActionsSolution: 36717
@!@!@ENDMSG 2221 @!@!@
@!@!@STARTMSG 2221:0 @!@!@
  ||||line 192, col 31 to line 192, col 55 of module raftActionsSolution: 8337
@!@!@ENDMSG 2221 @!@!@
@!@!@STARTMSG 2221:0 @!@!@
  ||line 198, col 17 to line 198, col 42 of module raftActionsSolution: 36717
@!@!@ENDMSG 2221 @!@!@
@!@!@STARTMSG 2221:0 @!@!@
  ||line 203, col 36 to line 203, col 68 of module raftActionsSolution: 36717
@!@!@ENDMSG 2221 @!@!@
@!@!@STARTMSG 2221:0 @!@!@
  |||line 38, col 11 to line 38, col 46 of module raftHelpers: 36717
@!@!@ENDMSG 2221 @!@!@
@!@!@STARTMSG 2221:0 @!@!@
  ||||line 38, col 28 to line 38, col 46 of module raftHelpers: 36717
@!@!@ENDMSG 2221 @!@!@
@!@!@STARTMSG 2221:0 @!@!@
  |||||line 38, col 41 to line 38, col 46 of module raftHelpers: 64743
@!@!@ENDMSG 2221 @!@!@
@!@!@STARTMSG 2221:0 @!@!@
  |||||line 38, col 37 to line 38, col 37 of module raftHelpers: 36717
@!@!@ENDMSG 2221 @!@!@
@!@!@STARTMSG 2221:0 @!@!@
  ||||line 38, col 24 to line 38, col 24 of module raftHelpers: 36717
@!@!@ENDMSG 2221 @!@!@
@!@!@STARTMSG 2775:0 @!@!@
  |||line 203, col 40 to line 203, col 67 of module raftActionsSolution: 36717:138177
@!@!@ENDMSG 2775 @!@!@
@!@!@STARTMSG 2221:0 @!@!@
  ||line 204, col 17 to line 204, col 36 of module raftActionsSolution: 36717
@!@!@ENDMSG 2221 @!@!@
@!@!@STARTMSG 2221:0 @!@!@
  ||line 205, col 17 to line 205, col 36 of module raftActionsSolution: 36717
@!@!@ENDMSG 2221 @!@!@
@!@!@STARTMSG 2221:0 @!@!@
  line 211, col 11 to line 214, col 33 of module raftActionsSolution: 36717
@!@!@ENDMSG 2221 @!@!@
@!@!@STARTMSG 2221:0 @!@!@
  |line 212, col 13 to line 214, col 33 of module raftActionsSolution: 36717
@!@!@ENDMSG 2221 @!@!@
@!@!@STARTMSG 2221:0 @!@!@
  ||line 212, col 16 to line 212, col 92 of module raftActionsSolution: 36717
@!@!@ENDMSG 2221 @!@!@
@!@!@STARTMSG 2221:0 @!@!@
  ||line 213, col 18 to line 213, col 72 of module raftActionsSolution: 27980
@!@!@ENDMSG 2221 @!@!@
@!@!@STARTMSG 2221:0 @!@!@
  ||line 214, col 18 to line 214, col 33 of module raftActionsSolution: 8737
@!@!@ENDMSG 2221 @!@!@
@!@!@STARTMSG 2221:0 @!@!@
  line 215, col 8 to line 215, col 111 of module raftActionsSolution: 36717
@!@!@ENDMSG 2221 @!@!@
@!@!@STARTMSG 2221:0 @!@!@
  line 56, col 60 to line 56, col 60 of module raftSpec: 127446
@!@!@ENDMSG 2221 @!@!@
@!@!@STARTMSG 2221:0 @!@!@
  line 56, col 63 to line 56, col 63 of module raftSpec: 127446
@!@!@ENDMSG 2221 @!@!@
@!@!@STARTMSG 2221:0 @!@!@
  line 56, col 26 to line 56, col 32 of module raftSpec: 21241
@!@!@ENDMSG 2221 @!@!@
@!@!@STARTMSG 2772:0 @!@!@
<MyNext line 47, col 1 to line 47, col 6 of module raftSpec (58 15 59 93)>: 12697:18515
@!@!@ENDMSG 2772 @!@!@
@!@!@STARTMSG 2221:0 @!@!@
  line 54, col 8 to line 54, col 31 of module raftActionsSolution: 28945
@!@!@ENDMSG 2221 @!@!@
@!@!@STARTMSG 2221:0 @!@!@
  line 56, col 8 to line 56, col 60 of module raftActionsSolution: 0
@!@!@ENDMSG 2221 @!@!@
@!@!@STARTMSG 2221:0 @!@!@
  line 57, col 8 to line 57, col 61 of module raftActionsSolution: 0
@!@!@ENDMSG 2221 @!@!@
@!@!@STARTMSG 2221:0 @!@!@
  line 58, col 8 to line 58, col 56 of module raftActionsSolution: 0
@!@!@ENDMSG 2221 @!@!@
@!@!@STARTMSG 2221:0 @!@!@
  line 60, col 8 to line 60, col 111 of module raftActionsSolution: 0
@!@!@ENDMSG 2221 @!@!@
@!@!@STARTMSG 2221:0 @!@!@
  line 18, col 22 to line 18, col 22 of module raftSpec: 28945
@!@!@ENDMSG 2221 @!@!@
@!@!@STARTMSG 2221:0 @!@!@
  line 19, col 14 to line 19, col 41 of module raftSpec: 28945
@!@!@ENDMSG 2221 @!@!@
@!@!@STARTMSG 2221:0 @!@!@
  line 88, col 24 to line 88, col 61 of module raftActionsSolution: 0
@!@!@ENDMSG 2221 @!@!@
@!@!@STARTMSG 2221:0 @!@!@
  line 89, col 24 to line 89, col 41 of module raftActionsSolution: 0
@!@!@ENDMSG 2221 @!@!@
@!@!@STARTMSG 2221:0 @!@!@
  line 35, col 5 to line 35, col 72 of module raftHelpers: 0
@!@!@ENDMSG 2221 @!@!@
@!@!@STARTMSG 2221:0 @!@!@
  line 99, col 11 to line 99, col 124 of module raftActionsSolution: 0
@!@!@ENDMSG 2221 @!@!@
@!@!@STARTMSG 2221:0 @!@!@
  line 21, col 14 to line 21, col 42 of module raftSpec: 28945
@!@!@ENDMSG 2221 @!@!@
@!@!@STARTMSG 2221:0 @!@!@
  line 30, col 15 to line 30, col 53 of module raftHelpers: 0
@!@!@ENDMSG 2221 @!@!@
@!@!@STARTMSG 2221:0 @!@!@
  line 123, col 8 to line 123, col 113 of module raftActionsSolution: 0
@!@!@ENDMSG 2221 @!@!@
@!@!@STARTMSG 2221:0 @!@!@
  line 107, col 8 to line 108, col 57 of module raftActionsSolution: 0
@!@!@ENDMSG 2221 @!@!@
@!@!@STARTMSG 2221:0 @!@!@
  line 110, col 14 to line 111, col 59 of module raftActionsSolution: 0
@!@!@ENDMSG 2221 @!@!@
@!@!@STARTMSG 2221:0 @!@!@
  line 112, col 14 to line 113, col 59 of module raftActionsSolution: 0
@!@!@ENDMSG 2221 @!@!@
@!@!@STARTMSG 2221:0 @!@!@
  line 115, col 14 to line 115, col 49 of module raftActionsSolution: 0
@!@!@ENDMSG 2221 @!@!@
@!@!@STARTMSG 2221:0 @!@!@
  line 30, col 15 to line 30, col 53 of module raftHelpers: 0
@!@!@ENDMSG 2221 @!@!@
@!@!@STARTMSG 2221:0 @!@!@
  line 117, col 8 to line 117, col 108 of module raftActionsSolution: 0
@!@!@ENDMSG 2221 @!@!@
@!@!@STARTMSG 2221:0 @!@!@
  line 24, col 14 to line 24, col 43 of module raftSpec: 43324
@!@!@ENDMSG 2221 @!@!@
@!@!@STARTMSG 2221:0 @!@!@
  |line 24, col 14 to line 24, col 20 of module raftSpec: 28945
@!@!@ENDMSG 2221 @!@!@
@!@!@STARTMSG 2221:0 @!@!@
  |line 24, col 24 to line 24, col 43 of module raftSpec: 28945
@!@!@ENDMSG 2221 @!@!@
@!@!@STARTMSG 2221:0 @!@!@
  line 226, col 11 to line 226, col 35 of module raftActionsSolution: 14379
@!@!@ENDMSG 2221 @!@!@
@!@!@STARTMSG 2221:0 @!@!@
  |line 226, col 11 to line 226, col 17 of module raftActionsSolution: 24810
@!@!@ENDMSG 2221 @!@!@
@!@!@STARTMSG 2221:0 @!@!@
  |line 226, col 22 to line 226, col 35 of module raftActionsSolution: 24810
@!@!@ENDMSG 2221 @!@!@
@!@!@STARTMSG 2221:0 @!@!@
  line 228, col 20 to line 228, col 43 of module raftActionsSolution: 24810
@!@!@ENDMSG 2221 @!@!@
@!@!@STARTMSG 2221:0 @!@!@
  line 229, col 23 to line 229, col 46 of module raftActionsSolution: 24810
@!@!@ENDMSG 2221 @!@!@
@!@!@STARTMSG 2221:0 @!@!@
  line 230, col 23 to line 230, col 41 of module raftActionsSolution: 24810
@!@!@ENDMSG 2221 @!@!@
@!@!@STARTMSG 2221:0 @!@!@
  line 231, col 23 to line 231, col 33 of module raftActionsSolution: 24810
@!@!@ENDMSG 2221 @!@!@
@!@!@STARTMSG 2221:0 @!@!@
  |line 231, col 29 to line 231, col 33 of module raftActionsSolution: 24810
@!@!@ENDMSG 2221 @!@!@
@!@!@STARTMSG 2221:0 @!@!@
  ||line 222, col 18 to line 225, col 68 of module raftActionsSolution: 24810
@!@!@ENDMSG 2221 @!@!@
@!@!@STARTMSG 2221:0 @!@!@
  |||line 222, col 21 to line 222, col 39 of module raftActionsSolution: 24810
@!@!@ENDMSG 2221 @!@!@
@!@!@STARTMSG 2221:0 @!@!@
  |||line 223, col 21 to line 225, col 68 of module raftActionsSolution: 7136
@!@!@ENDMSG 2221 @!@!@
@!@!@STARTMSG 2221:0 @!@!@
  line 35, col 5 to line 35, col 72 of module raftHelpers: 0
@!@!@ENDMSG 2221 @!@!@
@!@!@STARTMSG 2221:0 @!@!@
  line 239, col 17 to line 239, col 67 of module raftActionsSolution: 0
@!@!@ENDMSG 2221 @!@!@
@!@!@STARTMSG 2221:0 @!@!@
  line 241, col 17 to line 241, col 40 of module raftActionsSolution: 24810
@!@!@ENDMSG 2221 @!@!@
@!@!@STARTMSG 2221:0 @!@!@
  line 242, col 17 to line 242, col 36 of module raftActionsSolution: 24810
@!@!@ENDMSG 2221 @!@!@
@!@!@STARTMSG 2221:0 @!@!@
  line 243, col 17 to line 243, col 55 of module raftActionsSolution: 0
@!@!@ENDMSG 2221 @!@!@
@!@!@STARTMSG 2221:0 @!@!@
  line 244, col 17 to line 244, col 88 of module raftActionsSolution: 0
@!@!@ENDMSG 2221 @!@!@
@!@!@STARTMSG 2221:0 @!@!@
  line 246, col 17 to line 246, col 40 of module raftActionsSolution: 39189
@!@!@ENDMSG 2221 @!@!@
@!@!@STARTMSG 2221:0 @!@!@
  |line 246, col 17 to line 246, col 23 of module raftActionsSolution: 24810
@!@!@ENDMSG 2221 @!@!@
@!@!@STARTMSG 2221:0 @!@!@
  |line 246, col 27 to line 246, col 40 of module raftActionsSolution: 24810
@!@!@ENDMSG 2221 @!@!@
@!@!@STARTMSG 2221:0 @!@!@
  line 247, col 17 to line 247, col 35 of module raftActionsSolution: 39189
@!@!@ENDMSG 2221 @!@!@
@!@!@STARTMSG 2221:0 @!@!@
  |line 247, col 17 to line 247, col 24 of module raftActionsSolution: 24810
@!@!@ENDMSG 2221 @!@!@
@!@!@STARTMSG 2221:0 @!@!@
  |line 247, col 28 to line 247, col 35 of module raftActionsSolution: 24810
@!@!@ENDMSG 2221 @!@!@
@!@!@STARTMSG 2221:0 @!@!@
  line 222, col 21 to line 222, col 39 of module raftActionsSolution: 35474
@!@!@ENDMSG 2221 @!@!@
@!@!@STARTMSG 2221:0 @!@!@
  |line 222, col 21 to line 222, col 35 of module raftActionsSolution: 24810
@!@!@ENDMSG 2221 @!@!@
@!@!@STARTMSG 2221:0 @!@!@
  line 223, col 24 to line 223, col 42 of module raftActionsSolution: 3715
@!@!@ENDMSG 2221 @!@!@
@!@!@STARTMSG 2221:0 @!@!@
  |line 223, col 24 to line 223, col 38 of module raftActionsSolution: 24810
@!@!@ENDMSG 2221 @!@!@
@!@!@STARTMSG 2221:0 @!@!@
  line 224, col 24 to line 224, col 53 of module raftActionsSolution: 3715
@!@!@ENDMSG 2221 @!@!@
@!@!@STARTMSG 2221:0 @!@!@
  |line 224, col 24 to line 224, col 38 of module raftActionsSolution: 7136
@!@!@ENDMSG 2221 @!@!@
@!@!@STARTMSG 2221:0 @!@!@
  |line 224, col 43 to line 224, col 53 of module raftActionsSolution: 7136
@!@!@ENDMSG 2221 @!@!@
@!@!@STARTMSG 2221:0 @!@!@
  line 225, col 24 to line 225, col 68 of module raftActionsSolution: 10851
@!@!@ENDMSG 2221 @!@!@
@!@!@STARTMSG 2221:0 @!@!@
  |line 225, col 24 to line 225, col 37 of module raftActionsSolution: 7136
@!@!@ENDMSG 2221 @!@!@
@!@!@STARTMSG 2221:0 @!@!@
  |line 225, col 41 to line 225, col 68 of module raftActionsSolution: 7136
@!@!@ENDMSG 2221 @!@!@
@!@!@STARTMSG 2221:0 @!@!@
  line 251, col 30 to line 251, col 47 of module raftActionsSolution: 24810
@!@!@ENDMSG 2221 @!@!@
@!@!@STARTMSG 2221:0 @!@!@
  line 252, col 33 to line 252, col 51 of module raftActionsSolution: 31001
@!@!@ENDMSG 2221 @!@!@
@!@!@STARTMSG 2221:0 @!@!@
  |line 252, col 33 to line 252, col 42 of module raftActionsSolution: 24810
@!@!@ENDMSG 2221 @!@!@
@!@!@STARTMSG 2221:0 @!@!@
  |line 252, col 47 to line 252, col 51 of module raftActionsSolution: 24810
@!@!@ENDMSG 2221 @!@!@
@!@!@STARTMSG 2221:0 @!@!@
  line 253, col 33 to line 253, col 52 of module raftActionsSolution: 6191
@!@!@ENDMSG 2221 @!@!@
@!@!@STARTMSG 2221:0 @!@!@
  |line 253, col 33 to line 253, col 43 of module raftActionsSolution: 24810
@!@!@ENDMSG 2221 @!@!@
@!@!@STARTMSG 2221:0 @!@!@
  |line 253, col 48 to line 253, col 52 of module raftActionsSolution: 24810
@!@!@ENDMSG 2221 @!@!@
@!@!@STARTMSG 2221:0 @!@!@
  line 254, col 33 to line 254, col 71 of module raftActionsSolution: 12383
@!@!@ENDMSG 2221 @!@!@
@!@!@STARTMSG 2221:0 @!@!@
  |line 254, col 33 to line 254, col 50 of module raftActionsSolution: 6192
@!@!@ENDMSG 2221 @!@!@
@!@!@STARTMSG 2221:0 @!@!@
  |line 254, col 54 to line 254, col 71 of module raftActionsSolution: 6192
@!@!@ENDMSG 2221 @!@!@
@!@!@STARTMSG 2221:0 @!@!@
  line 258, col 27 to line 259, col 61 of module raftActionsSolution: 6191
@!@!@ENDMSG 2221 @!@!@
@!@!@STARTMSG 2221:0 @!@!@
  |line 258, col 42 to line 259, col 61 of module raftActionsSolution: 6192
@!@!@ENDMSG 2221 @!@!@
@!@!@STARTMSG 2221:0 @!@!@
  line 35, col 5 to line 35, col 72 of module raftHelpers: 6191
@!@!@ENDMSG 2221 @!@!@
@!@!@STARTMSG 2221:0 @!@!@
  |line 35, col 17 to line 35, col 72 of module raftHelpers: 6192
@!@!@ENDMSG 2221 @!@!@
@!@!@STARTMSG 2221:0 @!@!@
  ||line 20, col 5 to line 23, col 12 of module raftHelpers: 6192
@!@!@ENDMSG 2221 @!@!@
@!@!@STARTMSG 2221:0 @!@!@
  ||line 35, col 41 to line 35, col 71 of module raftHelpers: 6192
@!@!@ENDMSG 2221 @!@!@
@!@!@STARTMSG 2221:0 @!@!@
  |||line 13, col 5 to line 17, col 24 of module raftHelpers: 6192
@!@!@ENDMSG 2221 @!@!@
@!@!@STARTMSG 2221:0 @!@!@
  ||||line 13, col 8 to line 13, col 24 of module raftHelpers: 6192
@!@!@ENDMSG 2221 @!@!@
@!@!@STARTMSG 2221:0 @!@!@
  ||||line 14, col 9 to line 14, col 12 of module raftHelpers: 515
@!@!@ENDMSG 2221 @!@!@
@!@!@STARTMSG 2221:0 @!@!@
  ||||line 17, col 9 to line 17, col 24 of module raftHelpers: 5677
@!@!@ENDMSG 2221 @!@!@
@!@!@STARTMSG 2221:0 @!@!@
  |||line 35, col 63 to line 35, col 70 of module raftHelpers: 6192
@!@!@ENDMSG 2221 @!@!@
@!@!@STARTMSG 2221:0 @!@!@
  line 266, col 33 to line 272, col 55 of module raftActionsSolution: 6192
@!@!@ENDMSG 2221 @!@!@
@!@!@STARTMSG 2221:0 @!@!@
  line 274, col 27 to line 274, col 73 of module raftActionsSolution: 6191
@!@!@ENDMSG 2221 @!@!@
@!@!@STARTMSG 2221:0 @!@!@
  line 277, col 27 to line 277, col 45 of module raftActionsSolution: 24809
@!@!@ENDMSG 2221 @!@!@
@!@!@STARTMSG 2221:0 @!@!@
  line 278, col 27 to line 278, col 46 of module raftActionsSolution: 24809
@!@!@ENDMSG 2221 @!@!@
@!@!@STARTMSG 2221:0 @!@!@
  line 279, col 27 to line 279, col 66 of module raftActionsSolution: 6191
@!@!@ENDMSG 2221 @!@!@
@!@!@STARTMSG 2221:0 @!@!@
  line 281, col 30 to line 281, col 62 of module raftActionsSolution: 0
@!@!@ENDMSG 2221 @!@!@
@!@!@STARTMSG 2221:0 @!@!@
  line 285, col 27 to line 285, col 91 of module raftActionsSolution: 0
@!@!@ENDMSG 2221 @!@!@
@!@!@STARTMSG 2221:0 @!@!@
  line 295, col 27 to line 295, col 45 of module raftActionsSolution: 32997
@!@!@ENDMSG 2221 @!@!@
@!@!@STARTMSG 2221:0 @!@!@
  |line 295, col 27 to line 295, col 36 of module raftActionsSolution: 24809
@!@!@ENDMSG 2221 @!@!@
@!@!@STARTMSG 2221:0 @!@!@
  |line 295, col 41 to line 295, col 45 of module raftActionsSolution: 24809
@!@!@ENDMSG 2221 @!@!@
@!@!@STARTMSG 2221:0 @!@!@
  line 296, col 57 to line 296, col 79 of module raftActionsSolution: 23815
@!@!@ENDMSG 2221 @!@!@
@!@!@STARTMSG 2221:0 @!@!@
  |line 296, col 57 to line 296, col 57 of module raftActionsSolution: 15627
@!@!@ENDMSG 2221 @!@!@
@!@!@STARTMSG 2221:0 @!@!@
  |line 296, col 61 to line 296, col 79 of module raftActionsSolution: 15627
@!@!@ENDMSG 2221 @!@!@
@!@!@STARTMSG 2221:0 @!@!@
  line 296, col 36 to line 296, col 54 of module raftActionsSolution: 24809
@!@!@ENDMSG 2221 @!@!@
@!@!@STARTMSG 2221:0 @!@!@
  line 297, col 27 to line 297, col 55 of module raftActionsSolution: 16376
@!@!@ENDMSG 2221 @!@!@
@!@!@STARTMSG 2221:0 @!@!@
  |line 297, col 27 to line 297, col 37 of module raftActionsSolution: 8188
@!@!@ENDMSG 2221 @!@!@
@!@!@STARTMSG 2221:0 @!@!@
  |line 297, col 41 to line 297, col 55 of module raftActionsSolution: 8188
@!@!@ENDMSG 2221 @!@!@
@!@!@STARTMSG 2221:0 @!@!@
  line 300, col 33 to line 300, col 80 of module raftActionsSolution: 8188
@!@!@ENDMSG 2221 @!@!@
@!@!@STARTMSG 2221:0 @!@!@
  |line 300, col 40 to line 300, col 80 of module raftActionsSolution: 8188
@!@!@ENDMSG 2221 @!@!@
@!@!@STARTMSG 2221:0 @!@!@
  ||line 300, col 41 to line 300, col 43 of module raftActionsSolution: 8188
@!@!@ENDMSG 2221 @!@!@
@!@!@STARTMSG 2221:0 @!@!@
  ||line 300, col 52 to line 300, col 79 of module raftActionsSolution: 8188
@!@!@ENDMSG 2221 @!@!@
@!@!@STARTMSG 2221:0 @!@!@
  ||line 300, col 59 to line 300, col 79 of module raftActionsSolution: 8188
@!@!@ENDMSG 2221 @!@!@
@!@!@STARTMSG 2221:0 @!@!@
  |||line 300, col 66 to line 300, col 71 of module raftActionsSolution: 8188
@!@!@ENDMSG 2221 @!@!@
@!@!@STARTMSG 2221:0 @!@!@
  |||line 300, col 74 to line 300, col 78 of module raftActionsSolution: 8188
@!@!@ENDMSG 2221 @!@!@
@!@!@STARTMSG 2221:0 @!@!@
  ||||line 299, col 40 to line 299, col 60 of module raftActionsSolution: 8188
@!@!@ENDMSG 2221 @!@!@
@!@!@STARTMSG 2221:0 @!@!@
  |||||line 299, col 40 to line 299, col 51 of module raftActionsSolution: 8188
@!@!@ENDMSG 2221 @!@!@
@!@!@STARTMSG 2221:0 @!@!@
  |||||line 299, col 53 to line 299, col 59 of module raftActionsSolution: 8188
@!@!@ENDMSG 2221 @!@!@
@!@!@STARTMSG 2221:0 @!@!@
  ||||||line 298, col 42 to line 298, col 166 of module raftActionsSolution: 8188
@!@!@ENDMSG 2221 @!@!@
@!@!@STARTMSG 2221:0 @!@!@
  |||||||line 298, col 77 to line 298, col 166 of module raftActionsSolution: 12112
@!@!@ENDMSG 2221 @!@!@
@!@!@STARTMSG 2221:0 @!@!@
  |||||||line 298, col 56 to line 298, col 74 of module raftActionsSolution: 8188
@!@!@ENDMSG 2221 @!@!@
@!@!@STARTMSG 2221:0 @!@!@
  line 301, col 33 to line 301, col 110 of module raftActionsSolution: 8188
@!@!@ENDMSG 2221 @!@!@
@!@!@STARTMSG 2221:0 @!@!@
  line 302, col 27 to line 302, col 73 of module raftActionsSolution: 8188
@!@!@ENDMSG 2221 @!@!@
@!@!@STARTMSG 2221:0 @!@!@
  line 303, col 11 to line 303, col 124 of module raftActionsSolution: 14379
@!@!@ENDMSG 2221 @!@!@
@!@!@STARTMSG 2221:0 @!@!@
  line 25, col 41 to line 25, col 41 of module raftSpec: 24810
@!@!@ENDMSG 2221 @!@!@
@!@!@STARTMSG 2221:0 @!@!@
  line 25, col 44 to line 25, col 44 of module raftSpec: 6192
@!@!@ENDMSG 2221 @!@!@
@!@!@STARTMSG 2221:0 @!@!@
  line 26, col 14 to line 26, col 44 of module raftSpec: 33079
@!@!@ENDMSG 2221 @!@!@
@!@!@STARTMSG 2221:0 @!@!@
  |line 26, col 14 to line 26, col 20 of module raftSpec: 28944
@!@!@ENDMSG 2221 @!@!@
@!@!@STARTMSG 2221:0 @!@!@
  |line 26, col 24 to line 26, col 44 of module raftSpec: 28944
@!@!@ENDMSG 2221 @!@!@
@!@!@STARTMSG 2221:0 @!@!@
  line 121, col 8 to line 121, col 31 of module raftActionsSolution: 4135
@!@!@ENDMSG 2221 @!@!@
@!@!@STARTMSG 2221:0 @!@!@
  line 30, col 15 to line 30, col 53 of module raftHelpers: 0
@!@!@ENDMSG 2221 @!@!@
@!@!@STARTMSG 2221:0 @!@!@
  line 123, col 8 to line 123, col 113 of module raftActionsSolution: 0
@!@!@ENDMSG 2221 @!@!@
@!@!@STARTMSG 2221:0 @!@!@
  line 27, col 35 to line 27, col 35 of module raftSpec: 4135
@!@!@ENDMSG 2221 @!@!@
@!@!@STARTMSG 2221:0 @!@!@
  line 308, col 8 to line 308, col 31 of module raftActionsSolution: 8270
@!@!@ENDMSG 2221 @!@!@
@!@!@STARTMSG 2221:0 @!@!@
  |line 308, col 8 to line 308, col 14 of module raftActionsSolution: 4135
@!@!@ENDMSG 2221 @!@!@
@!@!@STARTMSG 2221:0 @!@!@
  |line 308, col 18 to line 308, col 31 of module raftActionsSolution: 4135
@!@!@ENDMSG 2221 @!@!@
@!@!@STARTMSG 2221:0 @!@!@
  line 309, col 14 to line 309, col 23 of module raftActionsSolution: 8270
@!@!@ENDMSG 2221 @!@!@
@!@!@STARTMSG 2221:0 @!@!@
  |line 309, col 14 to line 309, col 14 of module raftActionsSolution: 4135
@!@!@ENDMSG 2221 @!@!@
@!@!@STARTMSG 2221:0 @!@!@
  line 316, col 20 to line 316, col 80 of module raftActionsSolution: 4135
@!@!@ENDMSG 2221 @!@!@
@!@!@STARTMSG 2221:0 @!@!@
  line 317, col 20 to line 317, col 76 of module raftActionsSolution: 4135
@!@!@ENDMSG 2221 @!@!@
@!@!@STARTMSG 2221:0 @!@!@
  line 319, col 20 to line 324, col 42 of module raftActionsSolution: 4135
@!@!@ENDMSG 2221 @!@!@
@!@!@STARTMSG 2221:0 @!@!@
  |line 320, col 22 to line 324, col 42 of module raftActionsSolution: 4135
@!@!@ENDMSG 2221 @!@!@
@!@!@STARTMSG 2221:0 @!@!@
  ||line 320, col 25 to line 322, col 64 of module raftActionsSolution: 4135
@!@!@ENDMSG 2221 @!@!@
@!@!@STARTMSG 2221:0 @!@!@
  ||line 323, col 27 to line 323, col 80 of module raftActionsSolution: 3222
@!@!@ENDMSG 2221 @!@!@
@!@!@STARTMSG 2221:0 @!@!@
  ||line 324, col 27 to line 324, col 42 of module raftActionsSolution: 913
@!@!@ENDMSG 2221 @!@!@
@!@!@STARTMSG 2221:0 @!@!@
  line 325, col 14 to line 325, col 29 of module raftActionsSolution: 4135
@!@!@ENDMSG 2221 @!@!@
@!@!@STARTMSG 2221:0 @!@!@
  line 326, col 14 to line 327, col 61 of module raftActionsSolution: 0
@!@!@ENDMSG 2221 @!@!@
@!@!@STARTMSG 2221:0 @!@!@
  line 328, col 14 to line 328, col 55 of module raftActionsSolution: 0
@!@!@ENDMSG 2221 @!@!@
@!@!@STARTMSG 2221:0 @!@!@
  line 329, col 8 to line 329, col 17 of module raftActionsSolution: 4135
@!@!@ENDMSG 2221 @!@!@
@!@!@STARTMSG 2221:0 @!@!@
  line 330, col 8 to line 330, col 99 of module raftActionsSolution: 4135
@!@!@ENDMSG 2221 @!@!@
@!@!@STARTMSG 2221:0 @!@!@
  line 28, col 45 to line 28, col 45 of module raftSpec: 4135
@!@!@ENDMSG 2221 @!@!@
@!@!@STARTMSG 2221:0 @!@!@
  line 28, col 48 to line 28, col 48 of module raftSpec: 4135
@!@!@ENDMSG 2221 @!@!@
@!@!@STARTMSG 2221:0 @!@!@
  line 59, col 92 to line 59, col 92 of module raftSpec: 28945
@!@!@ENDMSG 2221 @!@!@
@!@!@STARTMSG 2775:0 @!@!@
  line 58, col 24 to line 59, col 80 of module raftSpec: 21238:50183
@!@!@ENDMSG 2775 @!@!@
@!@!@STARTMSG 2221:0 @!@!@
  |line 59, col 21 to line 59, col 79 of module raftSpec: 28945
@!@!@ENDMSG 2221 @!@!@
@!@!@STARTMSG 2221:0 @!@!@
  |line 58, col 33 to line 58, col 54 of module raftSpec: 21238
@!@!@ENDMSG 2221 @!@!@
@!@!@STARTMSG 2775:0 @!@!@
  ||line 45, col 5 to line 45, col 43 of module raftHelpers: 21238:50183
@!@!@ENDMSG 2775 @!@!@
@!@!@STARTMSG 2221:0 @!@!@
  |||line 45, col 31 to line 45, col 41 of module raftHelpers: 61643
@!@!@ENDMSG 2221 @!@!@
@!@!@STARTMSG 2221:0 @!@!@
  |||line 45, col 13 to line 45, col 27 of module raftHelpers: 21238
@!@!@ENDMSG 2221 @!@!@
@!@!@STARTMSG 2221:0 @!@!@
  ||line 58, col 46 to line 58, col 53 of module raftSpec: 21053
@!@!@ENDMSG 2221 @!@!@
@!@!@STARTMSG 2774:0 @!@!@
<LeaderCommitted line 42, col 1 to line 42, col 15 of module raftModelPerf>
@!@!@ENDMSG 2774 @!@!@
@!@!@STARTMSG 2221:0 @!@!@
  line 43, col 5 to line 43, col 42 of module raftModelPerf: 29099
@!@!@ENDMSG 2221 @!@!@
@!@!@STARTMSG 2221:0 @!@!@
  |line 43, col 24 to line 43, col 42 of module raftModelPerf: 44729
@!@!@ENDMSG 2221 @!@!@
@!@!@STARTMSG 2221:0 @!@!@
  |line 43, col 14 to line 43, col 20 of module raftModelPerf: 29099
@!@!@ENDMSG 2221 @!@!@
@!@!@STARTMSG 2774:0 @!@!@
<MoreThanOneLeaderInv line 71, col 1 to line 71, col 20 of module raftSpec>
@!@!@ENDMSG 2774 @!@!@
@!@!@STARTMSG 2221:0 @!@!@
  line 72, col 5 to line 76, col 16 of module raftSpec: 29098
@!@!@ENDMSG 2221 @!@!@
@!@!@STARTMSG 2221:0 @!@!@
  |line 73, col 9 to line 76, col 16 of module raftSpec: 465568
@!@!@ENDMSG 2221 @!@!@
@!@!@STARTMSG 2221:0 @!@!@
  ||line 73, col 10 to line 75, col 29 of module raftSpec: 465568
@!@!@ENDMSG 2221 @!@!@
@!@!@STARTMSG 2221:0 @!@!@
  |||line 73, col 13 to line 73, col 43 of module raftSpec: 465568
@!@!@ENDMSG 2221 @!@!@
@!@!@STARTMSG 2221:0 @!@!@
  |||line 74, col 13 to line 74, col 29 of module raftSpec: 465568
@!@!@ENDMSG 2221 @!@!@
@!@!@STARTMSG 2221:0 @!@!@
  |||line 75, col 13 to line 75, col 29 of module raftSpec: 116392
@!@!@ENDMSG 2221 @!@!@
@!@!@STARTMSG 2221:0 @!@!@
  ||line 76, col 12 to line 76, col 16 of module raftSpec: 29098
@!@!@ENDMSG 2221 @!@!@
@!@!@STARTMSG 2221:0 @!@!@
  |line 72, col 16 to line 72, col 21 of module raftSpec: 29098
@!@!@ENDMSG 2221 @!@!@
@!@!@STARTMSG 2774:0 @!@!@
<LogInv line 97, col 1 to line 97, col 6 of module raftSpec>
@!@!@ENDMSG 2774 @!@!@
@!@!@STARTMSG 2221:0 @!@!@
  line 98, col 5 to line 100, col 51 of module raftSpec: 29098
@!@!@ENDMSG 2221 @!@!@
@!@!@STARTMSG 2221:0 @!@!@
  |line 99, col 9 to line 100, col 51 of module raftSpec: 261882
@!@!@ENDMSG 2221 @!@!@
@!@!@STARTMSG 2221:0 @!@!@
  ||line 99, col 12 to line 99, col 51 of module raftSpec: 261882
@!@!@ENDMSG 2221 @!@!@
@!@!@STARTMSG 2221:0 @!@!@
  |||line 62, col 5 to line 63, col 48 of module raftHelpers: 261882
@!@!@ENDMSG 2221 @!@!@
@!@!@STARTMSG 2221:0 @!@!@
  ||||line 62, col 8 to line 62, col 29 of module raftHelpers: 261882
@!@!@ENDMSG 2221 @!@!@
@!@!@STARTMSG 2221:0 @!@!@
  ||||line 63, col 8 to line 63, col 48 of module raftHelpers: 232094
@!@!@ENDMSG 2221 @!@!@
@!@!@STARTMSG 2221:0 @!@!@
  |||||line 63, col 32 to line 63, col 48 of module raftHelpers: 21018
@!@!@ENDMSG 2221 @!@!@
@!@!@STARTMSG 2221:0 @!@!@
  |||||line 63, col 17 to line 63, col 28 of module raftHelpers: 232094
@!@!@ENDMSG 2221 @!@!@
@!@!@STARTMSG 2221:0 @!@!@
  |||line 99, col 26 to line 99, col 37 of module raftSpec: 261882
@!@!@ENDMSG 2221 @!@!@
@!@!@STARTMSG 2221:0 @!@!@
  ||||line 67, col 5 to line 69, col 40 of module raftHelpers: 261882
@!@!@ENDMSG 2221 @!@!@
@!@!@STARTMSG 2221:0 @!@!@
  |||||line 67, col 8 to line 67, col 25 of module raftHelpers: 261882
@!@!@ENDMSG 2221 @!@!@
@!@!@STARTMSG 2221:0 @!@!@
  |||||line 68, col 10 to line 68, col 14 of module raftHelpers: 211260
@!@!@ENDMSG 2221 @!@!@
@!@!@STARTMSG 2221:0 @!@!@
  |||||line 69, col 10 to line 69, col 40 of module raftHelpers: 50622
@!@!@ENDMSG 2221 @!@!@
@!@!@STARTMSG 2221:0 @!@!@
  ||||line 99, col 36 to line 99, col 36 of module raftSpec: 261882
@!@!@ENDMSG 2221 @!@!@
@!@!@STARTMSG 2221:0 @!@!@
  |||line 99, col 39 to line 99, col 50 of module raftSpec: 261882
@!@!@ENDMSG 2221 @!@!@
@!@!@STARTMSG 2221:0 @!@!@
  ||||line 67, col 5 to line 69, col 40 of module raftHelpers: 261882
@!@!@ENDMSG 2221 @!@!@
@!@!@STARTMSG 2221:0 @!@!@
  |||||line 67, col 8 to line 67, col 25 of module raftHelpers: 261882
@!@!@ENDMSG 2221 @!@!@
@!@!@STARTMSG 2221:0 @!@!@
  |||||line 68, col 10 to line 68, col 14 of module raftHelpers: 211260
@!@!@ENDMSG 2221 @!@!@
@!@!@STARTMSG 2221:0 @!@!@
  |||||line 69, col 10 to line 69, col 40 of module raftHelpers: 50622
@!@!@ENDMSG 2221 @!@!@
@!@!@STARTMSG 2221:0 @!@!@
  ||||line 99, col 49 to line 99, col 49 of module raftSpec: 261882
@!@!@ENDMSG 2221 @!@!@
@!@!@STARTMSG 2221:0 @!@!@
  ||line 100, col 12 to line 100, col 51 of module raftSpec: 29788
@!@!@ENDMSG 2221 @!@!@
@!@!@STARTMSG 2221:0 @!@!@
  |||line 62, col 5 to line 63, col 48 of module raftHelpers: 29788
@!@!@ENDMSG 2221 @!@!@
@!@!@STARTMSG 2221:0 @!@!@
  ||||line 62, col 8 to line 62, col 29 of module raftHelpers: 29788
@!@!@ENDMSG 2221 @!@!@
@!@!@STARTMSG 2221:0 @!@!@
  ||||line 63, col 8 to line 63, col 48 of module raftHelpers: 29788
@!@!@ENDMSG 2221 @!@!@
@!@!@STARTMSG 2221:0 @!@!@
  |||||line 63, col 32 to line 63, col 48 of module raftHelpers: 46
@!@!@ENDMSG 2221 @!@!@
@!@!@STARTMSG 2221:0 @!@!@
  |||||line 63, col 17 to line 63, col 28 of module raftHelpers: 29788
@!@!@ENDMSG 2221 @!@!@
@!@!@STARTMSG 2221:0 @!@!@
  |||line 100, col 26 to line 100, col 37 of module raftSpec: 29788
@!@!@ENDMSG 2221 @!@!@
@!@!@STARTMSG 2221:0 @!@!@
  ||||line 67, col 5 to line 69, col 40 of module raftHelpers: 29788
@!@!@ENDMSG 2221 @!@!@
@!@!@STARTMSG 2221:0 @!@!@
  |||||line 67, col 8 to line 67, col 25 of module raftHelpers: 29788
@!@!@ENDMSG 2221 @!@!@
@!@!@STARTMSG 2221:0 @!@!@
  |||||line 68, col 10 to line 68, col 14 of module raftHelpers: 29742
@!@!@ENDMSG 2221 @!@!@
@!@!@STARTMSG 2221:0 @!@!@
  |||||line 69, col 10 to line 69, col 40 of module raftHelpers: 46
@!@!@ENDMSG 2221 @!@!@
@!@!@STARTMSG 2221:0 @!@!@
  ||||line 100, col 36 to line 100, col 36 of module raftSpec: 29788
@!@!@ENDMSG 2221 @!@!@
@!@!@STARTMSG 2221:0 @!@!@
  |||line 100, col 39 to line 100, col 50 of module raftSpec: 29788
@!@!@ENDMSG 2221 @!@!@
@!@!@STARTMSG 2221:0 @!@!@
  |line 98, col 17 to line 98, col 23 of module raftSpec: 29098
@!@!@ENDMSG 2221 @!@!@
@!@!@STARTMSG 2774:0 @!@!@
<LeaderCompletenessInv line 89, col 1 to line 89, col 21 of module raftSpec>
@!@!@ENDMSG 2774 @!@!@
@!@!@STARTMSG 2221:0 @!@!@
  line 90, col 5 to line 93, col 72 of module raftSpec: 29098
@!@!@ENDMSG 2221 @!@!@
@!@!@STARTMSG 2221:0 @!@!@
  |line 91, col 9 to line 93, col 72 of module raftSpec: 87294
@!@!@ENDMSG 2221 @!@!@
@!@!@STARTMSG 2221:0 @!@!@
  ||line 91, col 9 to line 91, col 25 of module raftSpec: 87294
@!@!@ENDMSG 2221 @!@!@
@!@!@STARTMSG 2221:0 @!@!@
  ||line 92, col 9 to line 93, col 72 of module raftSpec: 29098
@!@!@ENDMSG 2221 @!@!@
@!@!@STARTMSG 2221:0 @!@!@
  |||line 92, col 28 to line 93, col 72 of module raftSpec: 87294
@!@!@ENDMSG 2221 @!@!@
@!@!@STARTMSG 2221:0 @!@!@
  ||||line 92, col 28 to line 92, col 33 of module raftSpec: 87294
@!@!@ENDMSG 2221 @!@!@
@!@!@STARTMSG 2221:0 @!@!@
  ||||line 93, col 13 to line 93, col 72 of module raftSpec: 58196
@!@!@ENDMSG 2221 @!@!@
@!@!@STARTMSG 2221:0 @!@!@
  |||||line 62, col 5 to line 63, col 48 of module raftHelpers: 58196
@!@!@ENDMSG 2221 @!@!@
@!@!@STARTMSG 2221:0 @!@!@
  ||||||line 62, col 8 to line 62, col 29 of module raftHelpers: 58196
@!@!@ENDMSG 2221 @!@!@
@!@!@STARTMSG 2221:0 @!@!@
  ||||||line 63, col 8 to line 63, col 48 of module raftHelpers: 58196
@!@!@ENDMSG 2221 @!@!@
@!@!@STARTMSG 2221:0 @!@!@
  |||||||line 63, col 32 to line 63, col 48 of module raftHelpers: 2003
@!@!@ENDMSG 2221 @!@!@
@!@!@STARTMSG 2221:0 @!@!@
  |||||||line 63, col 17 to line 63, col 28 of module raftHelpers: 58196
@!@!@ENDMSG 2221 @!@!@
@!@!@STARTMSG 2221:0 @!@!@
  |||||line 93, col 27 to line 93, col 64 of module raftSpec: 58196
@!@!@ENDMSG 2221 @!@!@
@!@!@STARTMSG 2221:0 @!@!@
  ||||||line 50, col 5 to line 59, col 14 of module raftHelpers: 58196
@!@!@ENDMSG 2221 @!@!@
@!@!@STARTMSG 2221:0 @!@!@
  |||||||line 50, col 8 to line 50, col 71 of module raftHelpers: 58196
@!@!@ENDMSG 2221 @!@!@
@!@!@STARTMSG 2221:0 @!@!@
  ||||||||line 50, col 8 to line 50, col 23 of module raftHelpers: 58196
@!@!@ENDMSG 2221 @!@!@
@!@!@STARTMSG 2221:0 @!@!@
  ||||||||line 50, col 28 to line 50, col 71 of module raftHelpers: 31720
@!@!@ENDMSG 2221 @!@!@
@!@!@STARTMSG 2221:0 @!@!@
  |||||||line 54, col 11 to line 56, col 70 of module raftHelpers: 31720
@!@!@ENDMSG 2221 @!@!@
@!@!@STARTMSG 2221:0 @!@!@
  ||||||||line 55, col 13 to line 56, col 70 of module raftHelpers: 35851
@!@!@ENDMSG 2221 @!@!@
@!@!@STARTMSG 2221:0 @!@!@
  |||||||||line 55, col 16 to line 55, col 34 of module raftHelpers: 35851
@!@!@ENDMSG 2221 @!@!@
@!@!@STARTMSG 2221:0 @!@!@
  |||||||||line 56, col 16 to line 56, col 70 of module raftHelpers: 35851
@!@!@ENDMSG 2221 @!@!@
@!@!@STARTMSG 2221:0 @!@!@
  ||||||||||line 56, col 41 to line 56, col 70 of module raftHelpers: 44113
@!@!@ENDMSG 2221 @!@!@
@!@!@STARTMSG 2221:0 @!@!@
  ||||||||||line 56, col 25 to line 56, col 37 of module raftHelpers: 35851
@!@!@ENDMSG 2221 @!@!@
@!@!@STARTMSG 2221:0 @!@!@
  ||||||||line 54, col 24 to line 54, col 36 of module raftHelpers: 31720
@!@!@ENDMSG 2221 @!@!@
@!@!@STARTMSG 2221:0 @!@!@
  |||||||line 57, col 10 to line 57, col 61 of module raftHelpers: 31720
@!@!@ENDMSG 2221 @!@!@
@!@!@STARTMSG 2221:0 @!@!@
  |||||||line 59, col 10 to line 59, col 14 of module raftHelpers: 26476
@!@!@ENDMSG 2221 @!@!@
@!@!@STARTMSG 2221:0 @!@!@
  ||||||line 93, col 47 to line 93, col 47 of module raftSpec: 58196
@!@!@ENDMSG 2221 @!@!@
@!@!@STARTMSG 2221:0 @!@!@
  ||||||line 93, col 50 to line 93, col 63 of module raftSpec: 31720
@!@!@ENDMSG 2221 @!@!@
@!@!@STARTMSG 2221:0 @!@!@
  |||||line 93, col 66 to line 93, col 71 of module raftSpec: 58196
@!@!@ENDMSG 2221 @!@!@
@!@!@STARTMSG 2221:0 @!@!@
  |||line 92, col 18 to line 92, col 24 of module raftSpec: 29098
@!@!@ENDMSG 2221 @!@!@
@!@!@STARTMSG 2221:0 @!@!@
  |line 90, col 14 to line 90, col 20 of module raftSpec: 29098
@!@!@ENDMSG 2221 @!@!@
@!@!@STARTMSG 2774:0 @!@!@
<LogMatchingInv line 80, col 1 to line 80, col 14 of module raftSpec>
@!@!@ENDMSG 2774 @!@!@
@!@!@STARTMSG 2221:0 @!@!@
  line 81, col 5 to line 84, col 51 of module raftSpec: 29098
@!@!@ENDMSG 2221 @!@!@
@!@!@STARTMSG 2221:0 @!@!@
  |line 81, col 27 to line 84, col 51 of module raftSpec: 261882
@!@!@ENDMSG 2221 @!@!@
@!@!@STARTMSG 2221:0 @!@!@
  ||line 81, col 27 to line 81, col 32 of module raftSpec: 261882
@!@!@ENDMSG 2221 @!@!@
@!@!@STARTMSG 2221:0 @!@!@
  ||line 82, col 9 to line 84, col 51 of module raftSpec: 174588
@!@!@ENDMSG 2221 @!@!@
@!@!@STARTMSG 2221:0 @!@!@
  |||line 83, col 13 to line 84, col 51 of module raftSpec: 84716
@!@!@ENDMSG 2221 @!@!@
@!@!@STARTMSG 2221:0 @!@!@
  |||line 82, col 18 to line 82, col 49 of module raftSpec: 174588
@!@!@ENDMSG 2221 @!@!@
@!@!@STARTMSG 2221:0 @!@!@
  ||||line 82, col 21 to line 82, col 49 of module raftSpec: 174588
@!@!@ENDMSG 2221 @!@!@
@!@!@STARTMSG 2221:0 @!@!@
  |||||line 42, col 14 to line 42, col 35 of module raftHelpers: 174588
@!@!@ENDMSG 2221 @!@!@
@!@!@STARTMSG 2221:0 @!@!@
  ||||||line 42, col 17 to line 42, col 21 of module raftHelpers: 174588
@!@!@ENDMSG 2221 @!@!@
@!@!@STARTMSG 2221:0 @!@!@
  ||||||line 42, col 28 to line 42, col 28 of module raftHelpers: 60338
@!@!@ENDMSG 2221 @!@!@
@!@!@STARTMSG 2221:0 @!@!@
  ||||||line 42, col 35 to line 42, col 35 of module raftHelpers: 114250
@!@!@ENDMSG 2221 @!@!@
@!@!@STARTMSG 2221:0 @!@!@
  |||||line 82, col 25 to line 82, col 35 of module raftSpec: 174588
@!@!@ENDMSG 2221 @!@!@
@!@!@STARTMSG 2221:0 @!@!@
  |||||line 82, col 38 to line 82, col 48 of module raftSpec: 174588
@!@!@ENDMSG 2221 @!@!@
@!@!@STARTMSG 2221:0 @!@!@
  |line 81, col 17 to line 81, col 23 of module raftSpec: 29098
@!@!@ENDMSG 2221 @!@!@
@!@!@STARTMSG 2202:0 @!@!@
End of statistics.
@!@!@ENDMSG 2202 @!@!@
@!@!@STARTMSG 2200:0 @!@!@
Progress(21) at 2025-05-26 07:39:56: 120,491 states generated (3,398,899 s/min), 29,099 distinct states found (820,846 ds/min), 7,867 states left on queue.
@!@!@ENDMSG 2200 @!@!@
@!@!@STARTMSG 2199:0 @!@!@
120491 states generated, 29099 distinct states found, 7867 states left on queue.
@!@!@ENDMSG 2199 @!@!@
@!@!@STARTMSG 2194:0 @!@!@
The depth of the complete state graph search is 21.
@!@!@ENDMSG 2194 @!@!@
@!@!@STARTMSG 2268:0 @!@!@
The average outdegree of the complete state graph is 1 (minimum is 0, the maximum 5 and the 95th percentile is 3).
@!@!@ENDMSG 2268 @!@!@
@!@!@STARTMSG 2186:0 @!@!@
Finished in 2132ms at (2025-05-26 07:39:56)
@!@!@ENDMSG 2186 @!@!@
